avgP,minP,maxP,sumP,DICD,Name
3810103000.0000,3810103000,3810103000,3810103000,10027799,민병우
3222783000.0000,3222783000,3222783000,3222783000,20113788,임왕태
5802318000.0000,5802318000,5802318000,5802318000,20187952,김진황
15374798000.0000,15374798000,15374798000,15374798000,10058151,이형석
6405235750.0000,6161685500,6648786000,12810471500,10057572,이지원
1160035562.0000,1160035562,1160035562,1160035562,10030203,배윤호
45566111330.0000,45566111330,45566111330,45566111330,10054821,이공희
1724828750.0000,1077451000,2372206500,3449657500,20153039,장희민
30220536000.0000,30220536000,30220536000,30220536000,20192386,조현철
287654500.0000,287654500,287654500,287654500,20112545,김진원
4178433300.0000,465532500,20618276000,50141199600,10065915,조성규
4061337318.5714,1006594000,6931136500,28429361230,10057277,이정섭
470675000.0000,470675000,470675000,470675000,10060143,장률
285388958.0000,285388958,285388958,285388958,10060025,장건재
6164168300.0000,1849140000,9693558300,43149178100,10057331,이정호
11629780500.0000,11629780500,11629780500,11629780500,10050630,오우삼
7666493220.0000,2195870500,20597497600,38332466100,10050570,오영두
55863520382.0000,55863520382,55863520382,55863520382,20113602,김의석
1158121000.0000,1095301000,1220941000,2316242000,10005808,김중현
33926037850.0000,18511991000,49340084700,67852075700,10040912,심형래
9029661500.0000,262191500,17797131500,18059323000,10036874,손영성
4562192000.0000,1073144500,8051239500,9124384000,10028506,박기용
7799250716.0000,2108596800,13489904632,15598501432,20207326,김은진
25900440686.8182,4114057000,105169264250,284904847555,10019069,류승완
1371483625.0000,439400000,2705566500,5485934500,10005544,김정구
4855272721.6667,2329754965,8842295700,14565818165,10004652,김성호
361603500.0000,361603500,361603500,361603500,10004626,김성준
11560158791.3030,391554441,66715881300,381485240113,10004407,김상만
285388958.0000,285388958,285388958,285388958,10000249,"가와세 나오미"
25475830219.0000,2106823000,54035565100,203806641752,20125862,이병헌
28716475326.3333,11783109998,56322098349,86149425979,10055945,이석근
33895690774.0000,1160035562,93042352648,101687072322,10049814,연상호
8898144166.6667,4114057000,15995187000,26694432500,20304229,김동후
18496577650.0000,1123934000,66014775400,73986310600,20302149,방수인
710905075.0000,710905075,710905075,710905075,10030331,백승화
2161975372.1429,251176500,7712339500,15133827605,20111176,신재호
14510222300.0000,14510222300,14510222300,14510222300,20308491,조재원
14510222300.0000,14510222300,14510222300,14510222300,20308490,최지현
6538927100.0000,6538927100,6538927100,6538927100,20306433,김진철
6538927100.0000,6538927100,6538927100,6538927100,20306533,최신규
1123934000.0000,1123934000,1123934000,1123934000,10070411,진광교
58167040145.0000,58167040145,58167040145,58167040145,20299130,옥대훈
4682641000.0000,4682641000,4682641000,4682641000,20123666,손미
14626427250.0000,4926508500,24326346000,29252854500,20142869,장권호
240262112.0000,240262112,240262112,240262112,10002274,구혜선
3942133500.0000,3201626000,4682641000,7884267000,10019097,류장하
624625997.5000,263526895,985725100,1249251995,20286802,방성준
4445790528.0000,4445790528,4445790528,4445790528,20302876,김지영
11950847577.5000,285969000,22389535897,119508475775,10001931,곽경택
9621468000.0000,9621468000,9621468000,9621468000,10027802,민병천
45893829662.6667,8444337719,88908642769,137681488988,20144326,이란희
2647934166.6667,292031500,7324579000,7943802500,10060635,장형윤
3164307333.3333,384127000,7330992000,9492922000,10027781,민동현
39869706381.0000,39869706381,39869706381,39869706381,10004291,김병우
668038345.0000,505103590,830973100,1336076690,10005660,김종관
4295052573.6667,3074373500,6204129964,12885157721,20128390,이원석
2886902500.0000,2886902500,2886902500,2886902500,20306729,김봉주
3474239000.0000,3474239000,3474239000,3474239000,20188935,박채원
349943500.0000,349943500,349943500,349943500,20113564,탁도연
27242041463.0000,27242041463,27242041463,27242041463,20183059,곽기봉
48700887413.0000,48700887413,48700887413,48700887413,20186285,유재선
15443489996.2000,217973600,56445023256,77217449981,20156200,윤준희
13934789995.0000,620874000,27248705990,27869579990,20150634,박규택
1542788950.0000,1542788950,1542788950,1542788950,20152055,유은정
17956361072.5000,14670355000,21242367145,35912722145,20112890,오성윤
14670355000.0000,14670355000,14670355000,14670355000,20133631,박재인
20800916128.0000,20800916128,20800916128,20800916128,20280830,이장훈
5192278618.8571,1762892500,8836144063,36345950332,10005652,김제영
13477172875.0000,392591200,36181314700,53908691500,10005905,김진묵
952555500.0000,952555500,952555500,952555500,10066770,조원희
5029762655.8000,326980700,16912706195,25148813279,20112542,전고운
5431095425.0000,326980700,15584755500,21724381700,20186944,정희재
12487788051.5000,710905075,35566892800,99902304412,20216655,이수민
2948371859.0000,616132846,5478113500,11793487436,10058886,임필성
1984907727.0000,415009400,3554806054,3969815454,20188088,오인천
35782378460.6667,17497165500,55863520382,107347135382,10007437,나홍진
15395739336.2857,704635000,61270079831,107770175354,10005852,김지운
32193983632.4286,315291000,66372140706,225357885427,10055965,이석훈
22642964733.0000,7683092100,56598333057,90571858932,20111283,우민호
33771419440.7500,4785467000,77319445264,135085677763,10057103,이일형
24565048321.2857,285182500,95868830649,171955338249,10060674,장훈
48478061163.7143,2647781500,115706188137,339346428146,10005151,김용화
9905406822.0000,9905406822,9905406822,9905406822,10056147,이수연
37356780079.0000,37356780079,37356780079,37356780079,20187247,박혁지
65759438650.0000,64802996000,66715881300,131518877300,10061773,정보서
17792219500.0000,17792219500,17792219500,17792219500,20157100,정유원
24528036007.3333,5726173700,34614661161,73584108022,10026426,모지은
2941227688.6667,784148500,5587166000,8823683066,10003598,김곡
285182500.0000,285182500,285182500,285182500,20305731,이정향
285182500.0000,285182500,285182500,285182500,20240711,최유정
285182500.0000,285182500,285182500,285182500,20240710,노혜지
285182500.0000,285182500,285182500,285182500,20240709,신지수
2935796000.0000,2935796000,2935796000,2935796000,10050404,오석근
9029620825.0000,363098800,15995187000,36118483300,10037076,송민규
522848900.0000,522848900,522848900,522848900,20211226,채두병
447691500.0000,447691500,447691500,447691500,10054393,윤여창
7682752500.0000,367328500,24326346000,30731010000,20112797,김성권
7711234362.6250,728085000,21968680600,61689874901,20140497,김지연
6481379657.0000,6481379657,6481379657,6481379657,10001939,곽기혁
255508579.0000,255508579,255508579,255508579,20208686,번가남
16519774520.0000,10653271160,27007303900,49559323560,10060606,장항준
20462134527.8571,4285830500,66014775400,143234941695,20148100,장창원
9345879612.8000,1930905564,13919416500,46729398064,10056570,이안규
488796800.0000,488796800,488796800,488796800,10087658,한영희
15868566584.3333,350293300,44395967609,142817099259,10021332,마대윤
13451876688.7000,253673000,44098470600,134518766887,10007424,나현
2889178951.2000,273120000,7013842000,14445894756,10054185,육상효
11703375573.6667,1302907128,29894157890,70220253442,10072147,최낙권
7178806615.1667,359247800,18979312500,43072839691,10061405,전윤수
472553700.0000,472553700,472553700,472553700,20305389,안지영
456077000.0000,456077000,456077000,456077000,20305250,신현진
43488814535.0000,43488814535,43488814535,43488814535,20124455,안형혜
17038639000.0000,17038639000,17038639000,17038639000,10026500,모현신
210875100.0000,210875100,210875100,210875100,20214911,박소현
488796800.0000,488796800,488796800,488796800,10005439,김일란
340297960.0000,340297960,340297960,340297960,20285289,이효정
340297960.0000,340297960,340297960,340297960,20263469,홍유라
274964000.0000,274964000,274964000,274964000,20276149,정현정
369339300.0000,369339300,369339300,369339300,10028514,박기형
21375287492.0000,21375287492,21375287492,21375287492,20303891,전승표
37931361970.0000,17695683795,58167040145,75862723940,10060507,장준환
11803593431.0000,1486835668,26119699000,59017967155,10058650,임순례
7571531001.3333,284073700,25437192500,45429186008,10062256,정지우
59180724133.0000,35489666466,82871781800,118361448266,20167784,양우석
1897970000.0000,1897970000,1897970000,1897970000,10049723,여균동
1977196563.0000,1977196563,1977196563,1977196563,20237246,조현민
23260127652.5000,22010977000,24509278305,46520255305,20155828,임상수
326980700.0000,326980700,326980700,326980700,20249882,부은주
1977196563.0000,1977196563,1977196563,1977196563,20204065,이준필
4912658515.0000,4912658515,4912658515,4912658515,20186154,오원재
1820503816.0000,784148500,2856859132,3641007632,20080184,백승빈
12747252468.0000,4650016527,20844488409,25494504936,20191706,이윤미
12042571000.0000,12042571000,12042571000,12042571000,20289829,이우석
22759862395.0000,22389535897,23130188893,45519724790,20235810,이제욱
306289600.0000,304884500,307694700,612579200,10062188,정재은
6856714772.3333,230206600,26284943000,41140288634,10062089,정윤철
5978880398.3333,326980700,16912706195,17936641195,10006078,김태곤
2729819800.6250,349943500,5587166000,21838558405,20111288,유영식
6481379657.0000,6481379657,6481379657,6481379657,20287367,김대웅
4271865500.0000,4271865500,4271865500,4271865500,10043285,"안드레이 즈비아긴체프"
746323500.0000,746323500,746323500,746323500,20142402,백미영
9072737842.0000,9072737842,9072737842,9072737842,20166880,장우진
3306109500.0000,3306109500,3306109500,3306109500,20159361,오정민
2865110500.0000,2865110500,2865110500,2865110500,10062136,정인봉
56322098349.0000,56322098349,56322098349,56322098349,20135271,강윤성
1136111200.0000,663075600,1439227500,3408333600,20111323,이경호
11304294250.0000,7233790500,15374798000,22608588500,10004184,김민석
16924786790.3333,8525038871,31959686000,50774360371,10003972,김동원
384127000.0000,384127000,384127000,384127000,10036855,손수범
641289900.0000,641289900,641289900,641289900,20234026,이동희
2069931588.0000,993321176,3146542000,4139863176,20111036,이덕희
2315777388.6667,1020724600,3474239000,6947332166,10058504,임대웅
5381420161.2000,1150732700,11706585100,26907100806,10003883,김덕수
8869915865.1250,1159253000,20483051393,70959326921,20122507,석민우
3810197147.6667,1159253000,8378297000,22861182886,10061563,정식
1519091100.0000,1519091100,1519091100,1519091100,20153728,전인환
1738293033.0000,1738293033,1738293033,1738293033,20140739,이은희
13480381509.7143,4926508500,24326346000,94362670568,20128476,김봉주
2673489440.0000,2673489440,2673489440,2673489440,10069178,주지홍
2956397623.0000,2956397623,2956397623,2956397623,10004369,김봉한
3319505433.0000,3319505433,3319505433,3319505433,20182346,양경모
3215588500.0000,3215588500,3215588500,3215588500,20251869,홍헌표
3357912530.0000,3357912530,3357912530,3357912530,20254349,이사랑
12020269549.3333,3599680348,22256769300,36060808648,10071587,창
6437149878.7500,459220000,19391653500,25748599515,10056854,이우철
3849027668.0000,2463752000,5234303336,7698055336,10026501,모홍진
5054757395.0000,5054757395,5054757395,5054757395,20230906,김형협
3182452019.5000,262191500,6102712539,6364904039,10072117,최국희
6455675489.0000,217269000,26909477678,38734052934,10056602,이언희
6364020418.6667,601853500,10136738500,38184122512,20131018,조선호
5702343766.2500,227157000,9929947065,22809375065,10002517,권종관
9837156547.3333,625824000,16226580642,29511469642,10028545,박대민
12549214363.8333,362910000,36985578499,75295286183,20131894,김형주
22221798303.2000,3562190000,44382020516,111108991516,20112387,김주환
32542979227.0000,1302907128,63783051326,65085958454,20128773,김성훈
4781337521.0000,4650016527,4912658515,9562675042,20204507,김덕근
8964388750.0000,8769832000,9158945500,17928777500,20148091,차준호
486548700.0000,486548700,486548700,486548700,20302509,김지열
22359726850.3333,6226832300,50510565168,67079180551,20216346,박지인
8964388750.0000,8769832000,9158945500,17928777500,20302409,김영석
14279502998.0000,1974664500,30037161000,57118011992,20302369,이승원
10923920500.0000,10923920500,10923920500,10923920500,10061911,정순애
4621564435.5000,718090000,8525038871,9243128871,20175840,최승연
1206812000.0000,1206812000,1206812000,1206812000,10073226,"노구치 테루오"
7089961300.0000,227941500,15374798000,35449806500,20124877,임진승
334175900.0000,334175900,334175900,334175900,20206966,김용운
2354658711.5000,263526895,4445790528,4709317423,20166532,오희정
4855635486.0000,428376400,9590663500,14566906458,20221426,김수정
985725100.0000,985725100,985725100,985725100,20285310,김보람
335696650.0000,335696650,335696650,335696650,20281369,유영의
30037161000.0000,30037161000,30037161000,30037161000,20291469,김정현
881663400.0000,881663400,881663400,881663400,20275649,홍주연
4444468935.5000,363899000,8525038871,8888937871,10072715,최종구
4271865500.0000,4271865500,4271865500,4271865500,20235306,최석원
322062200.0000,322062200,322062200,322062200,20289230,이성재
27248705990.0000,27248705990,27248705990,27248705990,10043363,안선경
636051200.0000,559367500,712734900,1272102400,10058661,임아론
881663400.0000,881663400,881663400,881663400,10007504,남기웅
366717200.0000,366717200,366717200,366717200,10004440,김상철
218173300.0000,218173300,218173300,218173300,20283069,김홍선
10856705388.7500,3326439772,19894297783,43426821555,20125826,김홍선
4409368675.0000,1289929200,6826959500,17637474700,20167741,김현호
13293090484.3333,1899792000,25539734986,79758542906,10006261,김현석
1131393200.0000,1131393200,1131393200,1131393200,20113064,김재환
4912658515.0000,4912658515,4912658515,4912658515,10005015,김영조
7327437675.0000,1388412500,12302961500,29309750700,10004904,김양희
10502495868.6667,5265267506,18529880600,31507487606,10004610,김성욱
2274910066.6667,284106600,4639709300,6824730200,10072304,최상훈
1642407500.0000,1642407500,1642407500,1642407500,10003461,"기예르모 델 토로"
12601052689.8889,359247800,40153729000,113409474209,20155901,윤정진
2677284639.0000,2677284639,2677284639,2677284639,20211466,정혜진
4003914184.6667,811844000,8870143589,12011742554,10040499,신연식
2641412500.0000,2641412500,2641412500,2641412500,20112723,손태겸
6383175750.0000,867603000,11898748500,12766351500,10001439,고경아
115706188137.0000,115706188137,115706188137,115706188137,20189544,최용수
37356780079.0000,37356780079,37356780079,37356780079,20179941,진모영
4158738000.0000,4158738000,4158738000,4158738000,20135785,이윤형
18303504964.6000,1927358500,44098470600,91517524823,20125803,문현성
295699943.0000,295699943,295699943,295699943,20243709,문창용
625824000.0000,625824000,625824000,625824000,10056203,이숭환
14147922800.5000,2358629601,25937216000,28295845601,10062253,정지영
60604682318.5000,5503176500,115706188137,121209364637,10054496,윤종석
759481000.0000,759481000,759481000,759481000,20122844,김준성
3069388100.0000,3069388100,3069388100,3069388100,20187750,"캘런 브런커"
33782894960.2500,5641848000,62697419249,135131579841,10090050,황동혁
12927512993.0000,315291000,25539734986,25855025986,10087180,하원준
208911200.0000,208911200,208911200,208911200,20215847,김양래
2677284639.0000,2677284639,2677284639,2677284639,20112022,이용승
3215588500.0000,3215588500,3215588500,3215588500,20188062,김석원
5055099500.0000,217269000,15800299000,35385696500,10004439,김상찬
9239511330.0000,234535500,27248705990,27718533990,10066934,조정래
9996026999.0000,8208944000,11783109998,19992053998,20110174,장유정
2394260319.8889,255508579,8967441000,21548342879,10003696,김기덕
426257300.0000,426257300,426257300,426257300,20292035,서지운
361431100.0000,361431100,361431100,361431100,20111258,안재훈
4875237950.0000,773088000,10087308700,19500951800,10037252,송창용
20339116813.3333,773088000,57570773000,61017350440,10090165,황승재
7721904837.6000,216276800,13049026745,38609524188,10029969,방은진
30037161000.0000,30037161000,30037161000,30037161000,10029121,박재영
488796800.0000,488796800,488796800,488796800,10089864,홍지유
437688924.5385,237013700,835941500,5689956019,10089497,홍상수
2139483000.0000,2139483000,2139483000,2139483000,20290569,김성문
6374273650.0000,303851500,19174920500,25497094600,20241988,하명미
24972389291.5000,10341783083,39602995500,49944778583,20169260,허정
2685519021.0000,2685519021,2685519021,2685519021,20232106,이주영
415009400.0000,415009400,415009400,415009400,20243869,이윤호
1373107023.0000,273120000,2586052500,6865535115,10056949,이윤기
1976349904.0000,264189420,6826959500,9881749520,20186877,이영준
24009857081.5000,4754763118,66007533500,144059142489,10087712,한재림
560512000.0000,348540500,772483500,1121024000,20191566,이상호
1089343623.7500,245731000,2862391500,4357374495,10072781,최진성
9613872112.6000,783919500,27242041463,48069360563,10071617,채길병
1090835800.0000,1090835800,1090835800,1090835800,10055080,이달
976008100.0000,976008100,976008100,976008100,20208386,이나정
589941500.0000,308882000,999160000,2359766000,10054571,윤학렬
29782771041.5294,312851500,110933981730,506307107706,10054492,윤제균
13776679158.4000,934380300,30037161000,68883395792,20111284,원신연
10060239500.0000,10060239500,10060239500,10060239500,20288697,최봉석
387323000.0000,387323000,387323000,387323000,10067366,조창호
257040200.0000,257040200,257040200,257040200,10040004,"아론 우들리"
6084422777.4000,532419300,20143992587,30422113887,10050399,오상호
4073017000.0000,4073017000,4073017000,4073017000,20138632,안재석
993321176.0000,993321176,993321176,993321176,20195674,안용훈
5546097487.5000,303851500,25937216000,44368779900,10040599,신종훈
8613324347.0000,1846581582,14938458000,43066621735,10037278,송해성
663144000.0000,663144000,663144000,663144000,20030069,송창수
1220585250.0000,350293300,2090877200,2441170500,20110508,송정우
56656226585.2500,21641740000,81025004000,226624906341,10000533,강대규
10217001268.8000,4259705000,20392518000,51085006344,10061765,정병식
15066090072.0000,9739662144,20392518000,30132180144,10061761,정병길
371332731.7500,273384900,530265400,1485330927,20186696,정다원
5515964827.5000,3357912530,7674017125,11031929655,10031356,변성현
295699943.0000,295699943,295699943,295699943,20243710,전진
2995220000.0000,595238500,5395201500,5990440000,10061439,전재홍
208911200.0000,208911200,208911200,208911200,20215849,전일우
35108312990.2500,1020724600,88908642769,140433251961,10060462,장재현
16902311604.3750,329280000,34881330905,135218492835,10029578,박훈정
208911200.0000,208911200,208911200,208911200,20215848,박형준
6879682472.5000,3264596000,10494768945,13759364945,20110676,박인제
208911200.0000,208911200,208911200,208911200,20214827,임정하
9072737842.0000,9072737842,9072737842,9072737842,10058494,임나무
5071626904.0000,294259600,14559017612,15214880712,10057682,이창재
4841525990.5000,340297960,17695683795,38732207924,10057659,이창동
4682641000.0000,4682641000,4682641000,4682641000,20111837,김새봄
17091764560.0000,1247345300,55827861500,85458822800,20158266,정세교
552273700.0000,552273700,552273700,552273700,10060461,장재혁
384127000.0000,384127000,384127000,384127000,10050932,"밀다 바긴스카이트"
3743082000.0000,3743082000,3743082000,3743082000,10002475,권용숙
304368000.0000,303851500,304884500,608736000,20128942,권경원
2963174300.0000,978382500,5726173700,11852697200,10058653,임승미
16377831818.0000,2405669580,23130188893,65511327272,20196126,이인혁
9646016856.5000,9362086648,9929947065,19292033713,20245349,허정재
21242367145.0000,21242367145,21242367145,21242367145,10027804,민병훈
426257300.0000,426257300,426257300,426257300,20197151,김종우
450160975.0000,262191500,835941500,1800643900,10054828,이광국
5503176500.0000,5503176500,5503176500,5503176500,10054718,이강현
360833100.0000,360833100,360833100,360833100,20283049,고경민
655033000.0000,655033000,655033000,655033000,20065238,김진아
15085648151.2000,1928502500,56445023256,75428240756,10054784,이계벽
39602995500.0000,39602995500,39602995500,39602995500,20281592,김민정
978382500.0000,978382500,978382500,978382500,10089595,홍성훈
2296093000.0000,2296093000,2296093000,2296093000,10001827,고현창
11171404147.8000,1897970000,36538823500,55857020739,20065829,정소영
4124164500.0000,4124164500,4124164500,4124164500,20110918,박진성
457422500.0000,262191500,835941500,1372267500,20156999,임오정
4991455035.5000,326980700,16912706195,19965820142,10002458,권오광
34217904801.3333,4785467000,77319445264,205307428808,10054495,윤종빈
784148500.0000,784148500,784148500,784148500,20128050,김민
13257574800.0000,230206600,26284943000,26515149600,10055931,이서
263049900.0000,263049900,263049900,263049900,10056129,이송희일
538681150.0000,372281300,705081000,1077362300,10086840,하명중
12389465550.0000,10934307100,13844624000,24778931100,10055192,이두용
1827565400.0000,842501700,2862391500,5482696200,10036887,손원평
7000454651.5714,274964000,34222160500,98006365122,10027774,민규동
3775805450.0000,1220941000,6330669900,7551610900,10006116,김태용
229835000.0000,229835000,229835000,229835000,20110332,정성복
3164819833.3333,493278500,6413325500,18988919000,10058845,임찬익
2135647300.0000,2135647300,2135647300,2135647300,20159110,이정익
5852391000.0000,5852391000,5852391000,5852391000,10027766,민경원
13446137500.0000,13446137500,13446137500,13446137500,20136995,임준현
4562192000.0000,1073144500,8051239500,9124384000,10058081,이혁수
991568200.0000,991568200,991568200,991568200,10050307,오멸
9731838195.0000,9731838195,9731838195,9731838195,20184482,이혜연
1729412500.0000,1729412500,1729412500,1729412500,10028460,박광수
1642407500.0000,1642407500,1642407500,1642407500,20156577,"안드레스 무시에티"
7938414998.3333,5754065300,9731838195,23815244995,10002002,곽재용
240262112.0000,240262112,240262112,240262112,20184561,오세인
3978495129.0000,3978495129,3978495129,3978495129,20280129,"토마스 로우스"
367328500.0000,367328500,367328500,367328500,20188501,서정신우
4122996972.0000,4122996972,4122996972,4122996972,20186469,권현석
9500609750.0000,7780811000,11220408500,19001219500,10029586,박희곤
334175900.0000,334175900,334175900,334175900,20162131,김아영
1583308500.0000,1131393200,2035223800,3166617000,20235206,최승호
25954703650.0000,2673832500,44098470600,103818814600,10005886,김지훈
1296756200.0000,1296756200,1296756200,1296756200,10002015,곽지균
2312303250.0000,1095301000,3529305500,4624606500,10060625,장현수
33986449500.0000,33986449500,33986449500,33986449500,20127451,김선경
297957300.0000,297957300,297957300,297957300,10089036,"닐 호너"
1832217570.6667,842501700,3599680348,5496652712,10047036,양익준
5443053685.0000,2027581239,10697981316,16329161055,10071129,차성덕
43933129936.2500,351561500,110933981730,175732519745,20114792,이종석
17653752500.0000,17653752500,17653752500,17653752500,20135294,김민지
4271865500.0000,4271865500,4271865500,4271865500,20157483,임일진
17632067753.0000,2139360500,44395967609,105792406518,10088463,허진호
39277382653.1667,5478113500,67011377000,235664295919,10031641,봉준호
2090877200.0000,2090877200,2090877200,2090877200,10024437,"마크 펠링톤"
1342382473.0000,616132846,2068632100,2684764946,10005243,김유성
2416319276.5000,1725990153,3106648400,4832638553,10004879,김아론
39602995500.0000,39602995500,39602995500,39602995500,20251890,김진아
255508579.0000,255508579,255508579,255508579,20166961,황규일
32626932550.0000,7683092100,57570773000,65253865100,10071889,천주영
5214211529.4000,884934300,12291081634,26071057647,10057210,이재용
6689968133.9474,516736500,21242367145,127109394545,10065272,조근현
15618978193.8000,12333110882,17653752500,78094890969,10029363,박진표
18608191255.4167,951843500,81025004000,223298295065,10003489,김휘
11213872211.2000,271945300,27242041463,56069361056,10047368,엄태화
7996174609.3333,2750311500,17497165500,23988523828,20157905,유수민
24568885123.8000,4785467000,67011377000,122844425619,20110970,박현철
2853375650.0000,1728722300,3978029000,5706751300,10089413,홍기선
1090835800.0000,1090835800,1090835800,1090835800,20276549,고동우
1488328000.0000,1488328000,1488328000,1488328000,20276329,정은비
2307824200.0000,2307824200,2307824200,2307824200,20276289,오혜진
620874000.0000,620874000,620874000,620874000,20121241,정하린
3171148500.0000,1095301000,5246996000,6342297000,20212689,김현우
417495600.0000,417495600,417495600,417495600,20238387,허준형
310302500.0000,310302500,310302500,310302500,20275130,장성
488796800.0000,488796800,488796800,488796800,10058080,이혁상
65759438650.0000,64802996000,66715881300,131518877300,20274609,민아인
20326206281.6667,2869918500,46593140500,60978618845,10065952,조성희
16978680920.6667,8581442100,21774884000,50936042762,10004596,김성수
14069480259.4545,1159253000,67011377000,154764282854,10029381,박찬욱
7984601503.5000,3978495129,11990707878,15969203007,20183664,한준희
734857650.0000,311840500,1542788950,2204572950,20112403,안국진
7630083855.5000,2892681205,12367486506,15260167711,10004620,김성제
939068025.0000,362910000,1470927500,3756272100,10058483,임권택
45566111330.0000,45566111330,45566111330,45566111330,10006188,김학순
5754065300.0000,5754065300,5754065300,5754065300,20274211,"렌 징징"
17467198088.7143,1928502500,67011377000,122270386621,20143077,백종열
308882000.0000,308882000,308882000,308882000,20273329,김금실
961785460.0000,961785460,961785460,961785460,20191068,김태용
9277342782.0000,4754763118,13799922446,18554685564,10015745,노덕
5279327975.6667,340297960,9111748087,15837983927,20113672,윤가은
2815589869.5000,2027581239,3603598500,5631179739,10054739,이경미
6748592366.6667,3409535000,13426707100,20245777100,20065265,이윤정
27449761310.5000,937877400,58068236865,109799045242,10066810,조의석
5722130506.6000,931460100,9362086648,28610652533,10089855,홍지영
11236372099.9231,334175900,40328508500,146072837299,10060535,장진
19042019250.0000,7953428000,30130610500,38084038500,20112503,조진모
3582502233.3333,1534151500,4886772800,10747506700,10029415,박철희
327192000.0000,327192000,327192000,327192000,10004779,김수현
4736518000.0000,4736518000,4736518000,4736518000,20166705,구교환
17809936175.1429,3309177500,40153729000,124669553226,20124307,박홍수
1642407500.0000,1642407500,1642407500,1642407500,20146447,김태영
490990750.0000,302239000,679742500,981981500,20195495,권혁만
679742500.0000,679742500,679742500,679742500,20269333,고문안
16791518876.3333,3978495129,39602995500,50374556629,10002500,권호영
384127000.0000,384127000,384127000,384127000,10004197,김민숙
4526203521.5000,314542400,8737864643,9052407043,20211566,유재현
30037161000.0000,30037161000,30037161000,30037161000,10008638,"니콜라스 로에그"
418376200.0000,418376200,418376200,418376200,20246329,이주훈
3978029000.0000,3978029000,3978029000,3978029000,20112331,박제욱
4892401033.0000,1206812000,12062180000,19569604132,10019026,류훈
418376200.0000,418376200,418376200,418376200,20246309,김동민
17684715646.5000,12239242400,23130188893,35369431293,10002413,권수경
297957300.0000,297957300,297957300,297957300,20225826,이창열
13661505750.0000,13403595000,13919416500,27323011500,20211526,김기범
2010230533.3333,718090000,3243969500,6030691600,20153077,김성준
33953817534.7500,4855872900,57530028417,135815270139,10058842,임찬상
292031500.0000,292031500,292031500,292031500,20157081,정유경
459566121.0000,459566121,459566121,459566121,20244789,이성태
6147760421.0000,3222783000,9072737842,12295520842,20110995,박흥식
7688807484.7143,349943500,45566111330,53821652393,10029478,박헌수
15175456025.6000,636285500,36067171064,75877280128,10029181,박정우
465532500.0000,465532500,465532500,465532500,20110814,박수영
4101408500.0000,1095301000,8023653000,20507042500,10006085,김태균
14902608606.1250,1246200228,66014775400,238441737698,10057485,이준익
706033000.0000,706033000,706033000,706033000,10003582,김경형
4271865500.0000,4271865500,4271865500,4271865500,20263844,"미사와 타쿠야"
9506642333.3333,8769832000,10591149500,28519927000,10055840,이상기
57161496467.0000,56792964517,57530028417,114322992934,20263809,"로드리고 그란데"
5427225956.3333,243405000,8651186000,16281677869,10000970,강효진
10054066911.6000,599122500,28638460100,50270334558,10000873,강지은
6504851500.0000,210875100,19075737900,19514554500,10089612,홍수동
2440004213.0000,2440004213,2440004213,2440004213,20209287,남대중
20416347196.0000,1229698892,39602995500,40832694392,20178069,이한욱
1220941000.0000,1220941000,1220941000,1220941000,20262190,권일형
1258000500.0000,1258000500,1258000500,1258000500,10055390,이무영
219672300.0000,217973600,221371000,439344600,20244338,이민우
57840505372.5000,4221938000,135753322310,347043032235,10006204,김한민
5146104135.5000,1699031500,9337976000,20584416542,10005717,김종현
1519091100.0000,1519091100,1519091100,1519091100,20191146,이일하
663075600.0000,663075600,663075600,663075600,20239406,이원재
6102255631.6667,326980700,16912706195,18306766895,20162031,이요섭
2496355500.0000,2496355500,2496355500,2496355500,10055997,이성강
2258422445.0000,2258422445,2258422445,2258422445,20246149,이두환
5625945423.7500,271945300,16912706195,22503781695,20112191,우문기
33986449500.0000,33986449500,33986449500,33986449500,10004672,김세연
7018625507.0000,217269000,18390012500,28074502028,20111254,안상훈
3355654475.0000,1148146700,7652767000,13422617900,20111134,손현희
7818384750.0000,3333808000,12302961500,15636769500,10031639,봉만대
464727700.0000,464727700,464727700,464727700,20238366,변진호
2941227688.6667,784148500,5587166000,8823683066,10004500,김선
8601102557.2500,599122500,20091127000,68808820458,10030297,백상열
21393452647.0000,21393452647,21393452647,21393452647,20258511,"알렉산더 버거"
21393452647.0000,21393452647,21393452647,21393452647,20258497,"크리스트 아이보비"
21393452647.0000,21393452647,21393452647,21393452647,20258510,"휴고 리조"
7734516233.3333,753985500,18459203000,23203548700,10060422,장은연
893928666.6667,362910000,1470927500,2681786000,20189612,김미영
326980700.0000,326980700,326980700,326980700,10058226,이홍민
22760408950.7500,220051200,55069686503,91041635803,10057235,이재한
4855872900.0000,4855872900,4855872900,4855872900,10087623,한승림
7506585667.0000,1486835668,15584755500,30026342668,20112573,최정열
8925789000.0000,4271865500,13579712500,17851578000,10054878,이규만
255508579.0000,255508579,255508579,255508579,20182772,고형동
245731000.0000,245731000,245731000,245731000,20252329,이지은
9072737842.0000,9072737842,9072737842,9072737842,20252271,박준형
21393452647.0000,21393452647,21393452647,21393452647,20212509,오동하
7763409000.0000,7763409000,7763409000,7763409000,10040579,신정균
3159724644.3333,594260900,7233790500,9479173933,20132735,신은영
1143619833.3333,516736500,2318884500,3430859500,20230986,신동훈
4912658515.0000,4912658515,4912658515,4912658515,20189647,송은주
13271512129.5000,5149571612,21393452647,26543024259,10065265,조규장
2135647300.0000,2135647300,2135647300,2135647300,20234506,손석우
14696171387.6667,8836144063,17653752500,44088514163,10061983,정영헌
31612075691.0000,7360631000,55863520382,63224151382,20112451,배종대
3037184937.0000,2191787000,3768200759,12148739748,20110989,박흥식
5161823779.0000,1490000000,7422697000,15485471337,20110969,박현진
320282800.0000,230047000,410518600,640565600,20134495,박정오
12182214388.3750,1725990153,38532269000,97457715107,10058005,이한
4912658515.0000,4912658515,4912658515,4912658515,20247715,조영준
31313568795.0000,31313568795,31313568795,31313568795,20245689,정재익
6946135070.4000,947570700,9322812000,34730675352,10054518,윤준형
8964388750.0000,8769832000,9158945500,17928777500,20162812,김진도
46593140500.0000,46593140500,46593140500,46593140500,10059093,"다비드 얀센"
3930219264.0000,3930219264,3930219264,3930219264,20243789,박수남
1095301000.0000,1095301000,1095301000,1095301000,20243447,"우메자와 소이치"
18390012500.0000,18390012500,18390012500,18390012500,20239808,신규민
6385937880.0000,6385937880,6385937880,6385937880,20242506,"셰인 다니엘센"
30037161000.0000,30037161000,30037161000,30037161000,10089156,"호세 미구엘 리베이로"
369339300.0000,369339300,369339300,369339300,20241086,정부경
27248705990.0000,27248705990,27248705990,27248705990,10050947,"오토 프레밍거"
19409926128.2500,1394050500,48700887413,77639704513,20130878,조석현
713525000.0000,713525000,713525000,713525000,10057326,이정향
16226580642.0000,16226580642,16226580642,16226580642,10087818,한홍열
9008143000.0000,9008143000,9008143000,9008143000,10006269,김현수
15002458500.0000,15002458500,15002458500,15002458500,10072289,최빛나
1470927500.0000,1470927500,1470927500,1470927500,10037050,송능한
1055352375.0000,281740900,2586052500,4221409500,10056927,이유림
36067171064.0000,36067171064,36067171064,36067171064,20215386,김찬년
19075737900.0000,19075737900,19075737900,19075737900,10057749,이충렬
289820000.0000,271945300,307694700,579640000,20235166,한선희
14670355000.0000,14670355000,14670355000,14670355000,10006478,김환태
6802831530.0000,3519595560,10086067500,13605663060,10058219,이호재
4395493086.5000,314542400,13799922446,17581972346,20138384,조치언
11627733922.2500,4761399902,17911274787,46510935689,10061628,정기훈
2005361964.5000,1394050500,2616673429,4010723929,10086669,하기호
1411607500.0000,1411607500,1411607500,1411607500,10090150,황수아
6096054450.0000,1453890000,10738218900,12192108900,10060160,장문일
8204200391.0000,616132846,20091127000,49225202346,10004438,김상진
8944722795.3333,250534000,43484892913,80502505158,10058049,이해영
30236250543.5000,20143992587,40328508500,60472501087,10028469,박광현
2408057825.0000,997380500,3730899000,9632231300,10002567,권형진
369339300.0000,369339300,369339300,369339300,20238071,이아린
18132127986.5000,15800299000,20463956973,36264255973,10005643,김정훈
6819561493.4286,902219500,19174920500,47736930454,10005932,김진영
8294435686.6000,1470927500,19330302500,41472178433,10003845,김대승
6828236755.0000,1054470664,17038639000,34141183775,10058591,임상수
4694539846.3333,1729412500,8723650039,14083619539,10088447,허종호
42891820231.2222,1258000500,98463522781,386026382081,10072187,최동훈
11565079830.6667,2068632100,28622355500,173476197460,10006219,김해곤
1900914300.0000,1900914300,1900914300,1900914300,20237389,김은경
2886902500.0000,2886902500,2886902500,2886902500,20237327,강동원
13049026745.0000,13049026745,13049026745,13049026745,10005865,김지현
29313497546.8000,2309055500,57530028417,146567487734,10004662,김성훈
1220941000.0000,1220941000,1220941000,1220941000,10042071,"루카 포파딕"
1220941000.0000,1220941000,1220941000,1220941000,10084204,"프란체스코 주치"
1220941000.0000,1220941000,1220941000,1220941000,10084117,"루 푸리치"
1220941000.0000,1220941000,1220941000,1220941000,10063456,"이그나스 메이루나스"
1220941000.0000,1220941000,1220941000,1220941000,20236506,"다리오 사무엘 레오네"
274964000.0000,274964000,274964000,274964000,20236326,"아서 리코투리얼"
274964000.0000,274964000,274964000,274964000,20236310,"파나지오티스 차라미스"
274964000.0000,274964000,274964000,274964000,20236309,"호세 에스테반 아렌다"
274964000.0000,274964000,274964000,274964000,20236308,"케사르 에스테반 아렌다"
274964000.0000,274964000,274964000,274964000,20236307,"매튜 시마노프스키"
274964000.0000,274964000,274964000,274964000,20236306,"리나 루지테"
978382500.0000,978382500,978382500,978382500,10050957,"오토 카일말라"
472553700.0000,472553700,472553700,472553700,10052574,"월터 랭"
811692000.0000,811692000,811692000,811692000,20113175,이경섭
219672300.0000,217973600,221371000,439344600,20234767,홍상유
23831958600.0000,23831958600,23831958600,23831958600,20183245,김태훈
15743483619.8571,2246950339,47102707500,110204385339,10057407,이종필
1169175550.0000,594260900,1744090200,2338351100,10065271,조근식
4367894375.0000,566731000,7255598000,17471577500,10002537,권칠인
1542788950.0000,1542788950,1542788950,1542788950,10029163,박정범
1729412500.0000,1729412500,1729412500,1729412500,10007512,남다정
9320840800.0000,8581442100,10060239500,18641681600,10065637,조동오
5512092500.0000,1424995500,9599189500,11024185000,10005838,김지영
17038639000.0000,17038639000,17038639000,17038639000,10003717,김기영
309575000.0000,309575000,309575000,309575000,10037058,송동윤
16153329444.0000,11688382888,20618276000,32306658888,10056625,이연우
297957300.0000,297957300,297957300,297957300,20171960,"오오네 히토시"
384127000.0000,384127000,384127000,384127000,10000818,강이관
21393452647.0000,21393452647,21393452647,21393452647,10009408,"다니엘 엘그란트"
676141000.0000,676141000,676141000,676141000,20113541,허범욱
13473410714.3333,8737864643,15995187000,40420232143,10000854,강제규
16732971219.3333,4547866558,33986449500,50198913658,20114191,성시흡
465532500.0000,465532500,465532500,465532500,10006604,"클레르 드니"
6768135000.0000,6768135000,6768135000,6768135000,10023572,"마이클 파웰"
6889663750.0000,312851500,13466476000,13779327500,20111382,윤태윤
5228826196.5000,2244690500,8212961893,10457652393,10065792,조명남
804487654.2500,291240500,1974664500,3217950617,10054870,이권
418222500.0000,357352000,479093000,836445000,10005961,김진홍
465792150.0000,291240500,640343800,931584300,20145495,서성종
4872344965.5000,3262380431,6482309500,9744689931,10050533,오승욱
1956841000.0000,1956841000,1956841000,1956841000,10029350,박진순
291240500.0000,291240500,291240500,291240500,10027767,민경조
291240500.0000,291240500,291240500,291240500,10028546,박대열
5060356600.0000,3293753700,6826959500,10120713200,10028920,박영균
251079500.0000,251079500,251079500,251079500,20125414,강명진
1874200550.0000,958576600,2789824500,3748401100,10001906,공정식
251176500.0000,251176500,251176500,251176500,10079546,태준식
1543489650.0000,978382500,2108596800,3086979300,20167014,최윤석
3316113500.0000,997380500,5207878000,9948340500,10028999,박용집
978382500.0000,978382500,978382500,978382500,10006851,"나루세 미키오"
369339300.0000,369339300,369339300,369339300,20066038,박은경
6067363750.0000,460596500,11674131000,12134727500,10028957,박영훈
1332623500.0000,1006594000,1658653000,2665247000,10028598,박명랑
3446927000.0000,587173500,6306680500,6893854000,10005546,김정권
2227291000.0000,2227291000,2227291000,2227291000,10005426,김인식
3529305500.0000,3529305500,3529305500,3529305500,10005411,김인규
8299140475.0000,739789500,26380710000,33196561900,20125818,김익로
14169528430.8750,1219746000,30130610500,113356227447,20154667,박민우
12180398766.4000,2856859132,36181314700,60901993832,10026804,문제용
2376146100.0000,2376146100,2376146100,2376146100,10026745,문승욱
327192000.0000,327192000,327192000,327192000,10060246,장선우
384800000.0000,384800000,384800000,384800000,20188032,"노나카 카즈미"
369339300.0000,369339300,369339300,369339300,20204806,이동하
10627630550.0000,9590663500,11664597600,21255261100,10006480,김회근
3762011000.0000,1283847500,6240174500,7524022000,10006426,김호준
967522000.0000,967522000,967522000,967522000,10003839,김대석
21242367145.0000,21242367145,21242367145,21242367145,10058228,이홍수
11243508000.0000,9038167500,13448848500,22487016000,10040399,신상옥
5680873500.0000,5680873500,5680873500,5680873500,10060256,장성수
1450490000.0000,1450490000,1450490000,1450490000,10006076,김태경
713525000.0000,713525000,713525000,713525000,10072680,최정문
9621468000.0000,9621468000,9621468000,9621468000,10087513,한상호
5163626369.7500,1505964500,11706585100,20654505479,10050086,오기환
21242367145.0000,21242367145,21242367145,21242367145,20180788,한지원
4987337250.0000,750901000,9158945500,29924023500,10047028,양윤호
28855469722.7500,7410215569,40153729000,115421878891,20030155,김주호
11588626533.3333,1795734500,30220536000,34765879600,10056822,이용주
2510246750.0000,2191787000,2828706500,5020493500,10005452,김일종
3630557000.0000,3630557000,3630557000,3630557000,10007306,"나타우트 푼프리야"
21393452647.0000,21393452647,21393452647,21393452647,10059096,"스브야토슬라브 포드가에브스키"
17084532146.0000,3460460230,33986449500,85422660730,10089708,홍원찬
9278993697.0000,1324401000,28622355500,92789936970,10062006,정용기
5852391000.0000,5852391000,5852391000,5852391000,10027853,민준기
6875215500.0000,4159767500,9590663500,13750431000,10028466,박광춘
5830851131.5000,5012916263,6648786000,11661702263,10031397,변혁
6993165700.0000,312851500,12531840500,34965828500,10040587,신정원
9471138230.0000,9471138230,9471138230,9471138230,20222515,심하은
7605231582.3333,1137666247,13720377000,22815694747,10054464,윤재구
23130188893.0000,23130188893,23130188893,23130188893,10054323,윤석훈
14079513199.8000,3837152000,25411823400,70397565999,20111250,유하
1977196563.0000,1977196563,1977196563,1977196563,20152031,유원상
8085552940.0000,6385937880,9785168000,16171105880,20147149,김광태
37654858000.0000,37654858000,37654858000,37654858000,20184034,김용훈
2886902500.0000,2886902500,2886902500,2886902500,20188892,이영아
216276800.0000,216276800,216276800,216276800,20219087,박준형
7424957700.0000,7424957700,7424957700,7424957700,20221207,"오카와라 료"
4158738000.0000,4158738000,4158738000,4158738000,10057393,이종용
8101678118.0000,1777803000,19174920500,32406712472,10040668,신한솔
1074486100.0000,1074486100,1074486100,1074486100,20112333,송윤희
4775472018.5000,2564487300,6986456737,9550944037,20188569,손용호
2195870500.0000,2195870500,2195870500,2195870500,10079465,"웬 무이"
384800000.0000,384800000,384800000,384800000,20191153,최경석
284650500.0000,284650500,284650500,284650500,20213186,배성상
17361815332.0000,17361815332,17361815332,17361815332,10030346,백운학
308882000.0000,308882000,308882000,308882000,10061970,정영배
9471138230.0000,9471138230,9471138230,9471138230,20218826,"만스 베르다스"
1098876387.6667,349943500,1977196563,3296629163,10029380,박찬옥
978382500.0000,978382500,978382500,978382500,20218639,허윤희
5361811241.2857,476386500,21442169144,37532678689,10061758,정범식
9072737842.0000,9072737842,9072737842,9072737842,20218614,강보경
9072737842.0000,9072737842,9072737842,9072737842,20218612,최수녕
9072737842.0000,9072737842,9072737842,9072737842,20218611,임민혁
58068236865.0000,58068236865,58068236865,58068236865,20218610,박지은
476386500.0000,476386500,476386500,476386500,10029120,박재식
3617228000.0000,3617228000,3617228000,3617228000,10006044,김청기
9072737842.0000,9072737842,9072737842,9072737842,10031384,변준석
369339300.0000,369339300,369339300,369339300,10064691,"알렉스 윈클레어"
39602995500.0000,39602995500,39602995500,39602995500,20127463,최시영
2956397623.0000,2956397623,2956397623,2956397623,20217948,손보경
2195709100.0000,2195709100,2195709100,2195709100,10058032,이항배
4562192000.0000,1073144500,8051239500,9124384000,20173661,이필립
746323500.0000,746323500,746323500,746323500,20217449,강루
27007303900.0000,27007303900,27007303900,27007303900,20217448,"지안귀도 스피넬리"
1913087600.0000,1913087600,1913087600,1913087600,20214546,정상수
978382500.0000,978382500,978382500,978382500,20217366,"주하 히피"
13446137500.0000,13446137500,13446137500,13446137500,10054716,이강천
3068195600.0000,3068195600,3068195600,3068195600,10060672,장훈
4562192000.0000,1073144500,8051239500,9124384000,20189538,정승현
6330669900.0000,6330669900,6330669900,6330669900,10004760,김수용
22256769300.0000,22256769300,22256769300,22256769300,10072851,최하원
533489500.0000,447691500,619287500,1066979000,20113255,이근우
25937216000.0000,25937216000,25937216000,25937216000,10012433,"델머 데이브스"
17653752500.0000,17653752500,17653752500,17653752500,10061882,정소영
3511102500.0000,3511102500,3511102500,3511102500,20147135,안승혁
26254051292.5000,2309055500,91431950670,105016205170,10058252,이환경
1977196563.0000,1977196563,1977196563,1977196563,10089518,홍석재
4346511500.0000,4346511500,4346511500,4346511500,20189533,장준엽
978382500.0000,978382500,978382500,978382500,10001384,"바르테크 소잔스키"
5807823500.0000,5807823500,5807823500,5807823500,10040856,심승보
5777895500.0000,5777895500,5777895500,5777895500,10060505,장준석
23130188893.0000,23130188893,23130188893,23130188893,10055865,이상언
2452368566.0000,2452368566,2452368566,2452368566,20214594,홍진솔
2452368566.0000,2452368566,2452368566,2452368566,20214593,최정인
2452368566.0000,2452368566,2452368566,2452368566,20214592,최유슬
2452368566.0000,2452368566,2452368566,2452368566,20214591,김경현
2452368566.0000,2452368566,2452368566,2452368566,20214590,전유림
21774884000.0000,21774884000,21774884000,21774884000,20214313,권혜령
978382500.0000,978382500,978382500,978382500,10022620,"마이크 그린"
292031500.0000,292031500,292031500,292031500,20177701,성준수
13579712500.0000,13579712500,13579712500,13579712500,20133684,신찬비
2789824500.0000,2789824500,2789824500,2789824500,10070267,"진 네글레스코"
9072737842.0000,9072737842,9072737842,9072737842,10032740,"레자 미르카리미"
30825124540.8000,698549500,54035565100,154125622704,10000946,강형철
20242894867.5000,5207878000,36538823500,121457369205,20140752,한동욱
1590807200.0000,1590807200,1590807200,1590807200,10061527,전형준
20158559700.0000,6330669900,33986449500,40317119400,10055333,이만희
361431100.0000,361431100,361431100,361431100,20112027,한혜진
4183658410.5000,3471341321,4895975500,8367316821,10029209,박제현
2405669580.0000,2405669580,2405669580,2405669580,10028647,박범수
15002458500.0000,15002458500,15002458500,15002458500,20143992,정근섭
676141000.0000,676141000,676141000,676141000,20209426,"코시자카 야스시"
7010197126.0000,7010197126,7010197126,7010197126,10079164,"다무라 코우스케"
4376240500.0000,4376240500,4376240500,4376240500,20211887,강사라
4376240500.0000,4376240500,4376240500,4376240500,20211836,안소윤
21774884000.0000,21774884000,21774884000,21774884000,20211834,위승범
3776407000.0000,3776407000,3776407000,3776407000,10090909,"제레미 허쉬"
1488328000.0000,1488328000,1488328000,1488328000,20211833,이승준
2139483000.0000,2139483000,2139483000,2139483000,20207606,김병학
219672300.0000,217973600,221371000,439344600,10058719,임유철
4355592500.0000,4355592500,4355592500,4355592500,20112401,문시현
2421043000.0000,495574500,4346511500,4842086000,10004653,김성홍
8964388750.0000,8769832000,9158945500,17928777500,10006351,김형주
27242041463.0000,27242041463,27242041463,27242041463,20157236,유영선
17968281552.0000,2132943200,28811011456,53904844656,10065847,조범구
7917175726.0000,3865123500,10934307100,23751527178,10072907,최호
6911671960.4444,250534000,27007303900,62205047644,10058053,이해준
348540500.0000,348540500,348540500,348540500,10043984,안해룡
19442577266.8333,2834514800,47102707500,116655463601,10057273,이정범
16238644366.6667,11284912400,22486492000,48715933100,10003851,김대우
648292000.0000,648292000,648292000,648292000,20100264,김진만
830984100.0000,830984100,830984100,830984100,10062231,정주리
22717933923.0000,4750247000,35841769500,90871735692,10004484,김석윤
1084557130.0000,1084557130,1084557130,1084557130,20153417,신재영
2741293385.5000,728085000,4754501771,5482586771,20113801,박상준
11372425278.0000,6306680500,22056966500,45489701112,10005032,김영탁
4358861306.2000,1073144500,8051239500,21794306531,20142138,이도윤
11688465619.0000,11688465619,11688465619,11688465619,10040850,심성보
978382500.0000,978382500,978382500,978382500,20211148,안예지
1534151500.0000,1534151500,1534151500,1534151500,10053694,유상곤
6385937880.0000,6385937880,6385937880,6385937880,20112650,이은영
8204035799.5000,6808882099,9599189500,16408071599,20136883,문인수
1220941000.0000,1220941000,1220941000,1220941000,20166887,"에드먼즈 얀손"
36067171064.0000,36067171064,36067171064,36067171064,10045147,"앨버트 르윈"
1221713500.0000,1221713500,1221713500,1221713500,20209110,"르네 페르즈"
1642407500.0000,1642407500,1642407500,1642407500,20208546,고태욱
1784542300.0000,1784542300,1784542300,1784542300,10056161,이수진
5928169433.0000,5928169433,5928169433,5928169433,10031684,부지영
3694284583.3333,703977000,6792339000,22165707500,10029224,박종영
4441859000.0000,4441859000,4441859000,4441859000,10029406,박철관
13200412500.0000,13200412500,13200412500,13200412500,10061220,전계수
3736083000.0000,2106823000,5365343000,7472166000,10062013,정용주
1491193610.2500,391554441,3860195500,5964774441,10072727,최종현
1970260500.0000,1970260500,1970260500,1970260500,20205246,"에이드리언 노블"
318581827.0000,318581827,318581827,318581827,20113594,강선영
7546414232.1667,1324401000,20618276000,45278485393,10037027,송광호
3443753000.0000,3443753000,3443753000,3443753000,20115721,김달중
309575000.0000,309575000,309575000,309575000,20128775,맹관표
511579300.0000,511579300,511579300,511579300,20192050,"마우리시오 드 라 오르타"
3068195600.0000,3068195600,3068195600,3068195600,20114292,김진무
4282073960.5000,1859615500,9072737842,17128295842,10087753,한지승
284106600.0000,284106600,284106600,284106600,10004056,김명균
3810103000.0000,3810103000,3810103000,3810103000,20147796,김도현
7070122543.5000,5028497000,9111748087,14140245087,10003620,김광식
4310671750.0000,2775697500,5845646000,8621343500,10055344,이명세
8781213667.4000,2076522300,19266319637,43906068337,10006129,김태윤
347980800.0000,347980800,347980800,347980800,20179021,박창진
3283310800.0000,3283310800,3283310800,3283310800,20111790,"피터 레페니오티스"
29894157890.0000,29894157890,29894157890,29894157890,20111735,이재규
43488814535.0000,43488814535,43488814535,43488814535,10064077,"제임스 마쉬"
8321175000.0000,8321175000,8321175000,8321175000,10056931,이유빈
9111748087.0000,9111748087,9111748087,9111748087,10056829,이용호
470675000.0000,470675000,470675000,470675000,10002569,권혜민
2558112300.0000,2558112300,2558112300,2558112300,10072725,최종태
9129913400.0000,773088000,13579712500,45649567000,20160047,최원경
656849000.0000,656849000,656849000,656849000,20185379,이기욱
36985578499.0000,36985578499,36985578499,36985578499,10062186,정재웅
10112720751.5000,3474239000,16751202503,20225441503,10053955,유정환
7519725650.0000,3311591000,11727860300,15039451300,20111312,유성엽
10502771200.0000,1490000000,30037161000,52513856000,20125795,임상윤
13844624000.0000,13844624000,13844624000,13844624000,10034568,"아칸 사타예브"
271945300.0000,271945300,271945300,271945300,20112043,박찬경
1246420500.0000,1246420500,1246420500,1246420500,20120528,강세진
3396292000.0000,3396292000,3396292000,3396292000,10058117,이현종
92769309750.0000,91872987000,93665632500,185538619500,10045404,"앙드레 테시네"
4639709300.0000,4639709300,4639709300,4639709300,10029065,박은형
511579300.0000,511579300,511579300,511579300,20191806,박태동
4238203934.7500,1453890000,6792339000,16952815739,20134129,조용선
9807963501.0000,9807963501,9807963501,9807963501,10012198,"데이빗 핀처"
1114062000.0000,1114062000,1114062000,1114062000,10045760,"앤 폰테인"
1260533864.0000,1260533864,1260533864,1260533864,20153388,조영준
369339300.0000,369339300,369339300,369339300,10006617,"끌로드 밀러"
10060239500.0000,10060239500,10060239500,10060239500,10039306,"스티븐 E. 드 수자"
392591200.0000,392591200,392591200,392591200,10038217,"스콧 데릭슨"
9590663500.0000,9590663500,9590663500,9590663500,10048487,"에밀리오 에스테베즈"
642352000.0000,642352000,642352000,642352000,10028547,박대영
3460497800.0000,3460497800,3460497800,3460497800,20159406,이은상
1123934000.0000,1123934000,1123934000,1123934000,20144020,정성락
456077000.0000,456077000,456077000,456077000,20189541,변성진
1137666247.0000,1137666247,1137666247,1137666247,10067926,"존 베리"
2264371633.3333,1438331800,3286151000,6793114900,20143761,한승훈
360833100.0000,360833100,360833100,360833100,10033029,"비주 비스와나스"
7835485400.0000,7835485400,7835485400,7835485400,20189128,류보라
9471138230.0000,9471138230,9471138230,9471138230,10019317,"리 스탠리"
21393452647.0000,21393452647,21393452647,21393452647,10068625,"존 허프"
13275284081.0000,5970851500,20579716662,26550568162,10026359,"모리타 요시미츠"
6481379657.0000,6481379657,6481379657,6481379657,10031655,"부다뎁 다스굽타"
9048938250.7647,542739500,28638460100,307663900526,10000783,강우석
10986717422.6000,285182500,48700887413,54933587113,10060556,장철수
9202926523.3333,6768135000,12302961500,27608779570,10005097,김용균
4327981287.6667,1583312500,8836144063,12983943863,10057717,이철하
10983360320.6667,8572344462,13287054000,32950080962,10042824,안권태
1159253000.0000,1159253000,1159253000,1159253000,10085115,"프루트 챈"
2090877200.0000,2090877200,2090877200,2090877200,20188750,"프라카시 자"
748936684.0000,748936684,748936684,748936684,10074133,"카탈린 괴드뢰스"
2108596800.0000,2108596800,2108596800,2108596800,10068301,"존 카프카"
7983184500.0000,7983184500,7983184500,7983184500,10068535,"존 플린"
412776750.0000,214133500,611420000,825553500,10040681,신현원
357352000.0000,357352000,357352000,357352000,10027791,민백두
636285500.0000,636285500,636285500,636285500,10052582,"월터 리마 주니어"
12742367415.0000,315291000,34881330905,89196571905,20159254,오윤석
1084557130.0000,1084557130,1084557130,1084557130,10079356,"스즈이 타카유키"
3122965500.0000,3122965500,3122965500,3122965500,10081422,"트리트 윌리엄스"
1470927500.0000,1470927500,1470927500,1470927500,10088237,허원
1201963479.0000,1201963479,1201963479,1201963479,10022626,"마이크 니콜스"
340297960.0000,340297960,340297960,340297960,10078157,"클라우디아 토마즈"
6132877000.0000,6132877000,6132877000,6132877000,10079920,"테오도로스 앙겔로플로스"
3333808000.0000,3333808000,3333808000,3333808000,10016909,"로버트 이스코브"
19967462500.0000,19967462500,19967462500,19967462500,10017730,"로저 미첼"
1172970000.0000,1172970000,1172970000,1172970000,10055906,이상철
4702050750.0000,4586849000,4817252500,9404101500,10040487,신아가
7737599000.0000,7737599000,7737599000,7737599000,10041121,"아녜스 바르다"
6253550500.0000,5714762000,6792339000,12507101000,10087738,한종훈
304884500.0000,304884500,304884500,304884500,20112662,이사무엘
2188841600.0000,387323000,3990360200,4377683200,10004423,김상우
12928232796.4000,1470927500,17653752500,64641163982,10002283,국동석
285182500.0000,285182500,285182500,285182500,20141449,고락중
2813074600.0000,2813074600,2813074600,2813074600,10057304,이정원
6330669900.0000,6330669900,6330669900,6330669900,20145264,"리치 코원"
3810103000.0000,3810103000,3810103000,3810103000,10080763,"타카나리 마호코"
1534151500.0000,1534151500,1534151500,1534151500,10043843,"안토니아 버드"
1137666247.0000,1137666247,1137666247,1137666247,10081865,"팀 파이웰"
58068236865.0000,58068236865,58068236865,58068236865,10085569,"피오트르 트자스칼스키"
495574500.0000,495574500,495574500,495574500,20185555,배현지
17038639000.0000,17038639000,17038639000,17038639000,10007487,남궁선
227941500.0000,227941500,227941500,227941500,10046942,양선우
21774884000.0000,21774884000,21774884000,21774884000,10062251,정지연
369339300.0000,369339300,369339300,369339300,10079413,"타키타 요지로"
3460460230.0000,3460460230,3460460230,3460460230,10002887,"그렉 다니엘스"
3460460230.0000,3460460230,3460460230,3460460230,10075936,"켄 콰피스"
746323500.0000,746323500,746323500,746323500,20185047,"로버트 로벨"
806774100.0000,227941500,1258000500,2420322300,20141134,권영락
8962782199.6667,6808882099,12659065000,26888346599,10054329,윤선희
5786408669.6667,1424995500,12811265009,17359226009,10062208,정정화
315291000.0000,315291000,315291000,315291000,20129750,남택수
6315244000.0000,6315244000,6315244000,6315244000,10042478,"에이슬링 월쉬"
978382500.0000,978382500,978382500,978382500,20184539,"케빈 마나치"
978382500.0000,978382500,978382500,978382500,20184538,"위고 비앙브뉘"
3790477000.0000,3790477000,3790477000,3790477000,20114312,양정호
1137666247.0000,1137666247,1137666247,1137666247,10016593,"로버트 레드포드"
12659065000.0000,12659065000,12659065000,12659065000,10041471,"아두르 고팔라크리쉬난"
5261350643.3333,947570700,9471138230,15784051930,10005983,김창래
495574500.0000,495574500,495574500,495574500,20184068,김유정
21242367145.0000,21242367145,21242367145,21242367145,20127963,변해운
9495239750.0000,531276500,18459203000,18990479500,10031365,변영주
380012644.0000,380012644,380012644,380012644,10029649,반주영
594260900.0000,594260900,594260900,594260900,10022589,마위호
3222101031.0000,3222101031,3222101031,3222101031,10047264,"어윈 윙클러"
5754065300.0000,5754065300,5754065300,5754065300,10070381,진가상
3630557000.0000,3630557000,3630557000,3630557000,10068073,"존 스톡웰"
8321175000.0000,8321175000,8321175000,8321175000,20129092,박재웅
1208282000.0000,1208282000,1208282000,1208282000,10072451,최양일
24509278305.0000,24509278305,24509278305,24509278305,10083870,"폴 페이그"
362910000.0000,362910000,362910000,362910000,20112075,김건
3810103000.0000,3810103000,3810103000,3810103000,10073254,"카네코 후미노리"
3860195500.0000,3860195500,3860195500,3860195500,10028585,박루슬란
20597497600.0000,20597497600,20597497600,20597497600,10043369,안성곤
821271100.0000,821271100,821271100,821271100,20115123,"티보 타카스"
4912658515.0000,4912658515,4912658515,4912658515,10073546,"카를로스 사우라"
5425523900.0000,958576600,9356404500,21702095600,10006353,김형준
3460460230.0000,3460460230,3460460230,3460460230,10048860,"에이미 헥커링"
4138207515.0000,4138207515,4138207515,4138207515,10050865,"오오쿠 아키코"
1430079500.0000,1430079500,1430079500,1430079500,20136859,이주헌
3520619166.6667,1067080000,5939840500,10561857500,20111601,김태경
4148605049.5000,1488328000,6808882099,8297210099,10005148,김용한
9072737842.0000,9072737842,9072737842,9072737842,10046602,"마키하라 료타로"
24926626959.2000,2961381000,88908642769,124633134796,10072983,추창민
14670355000.0000,14670355000,14670355000,14670355000,20113131,김선아
31461081800.0000,9038167500,66014775400,94383245400,10004151,김미정
2131403124.0000,1313457500,2949348748,4262806248,10003947,김동빈
8061739452.8000,636285500,32175400664,40308697264,10003753,김길형
48844889501.0000,48844889501,48844889501,48844889501,20179725,"페르난도 코르티조"
8481085366.6667,3511102500,11664597600,25443256100,10061917,정승구
251176500.0000,251176500,251176500,251176500,10059405,"자크 리베트"
921126000.0000,303851500,1538400500,1842252000,10002240,구자홍
6387624250.0000,750901000,9621468000,38325745500,20113871,고석진
285969000.0000,285969000,285969000,285969000,10050107,"오노 사야카"
13446137500.0000,13446137500,13446137500,13446137500,10073811,"카비르 바티아"
1651122533.0000,1651122533,1651122533,1651122533,10078409,"끌로드 를르슈"
5339725500.0000,5339725500,5339725500,5339725500,10004597,김성수
24509278305.0000,24509278305,24509278305,24509278305,20128609,이승준
4346511500.0000,4346511500,4346511500,4346511500,10018065,"론 하워드"
20579716662.0000,20579716662,20579716662,20579716662,20173550,"사토 케이이치"
3850241300.0000,3850241300,3850241300,3850241300,10020721,"릭 슈로더"
601853500.0000,601853500,601853500,601853500,10078916,"킴벌리 피어스"
12467884124.0000,4895975500,26380710000,49871536496,10040658,신태라
1928502500.0000,1928502500,1928502500,1928502500,10039672,"스파이크 리"
27248705990.0000,27248705990,27248705990,27248705990,10086667,"하기우다 코지"
56322098349.0000,56322098349,56322098349,56322098349,10031745,"브라이언 굿맨"
384127000.0000,384127000,384127000,384127000,10034111,"사미라 마흐말마프"
6687636000.0000,6687636000,6687636000,6687636000,10057531,"이즈츠 카즈유키"
367328500.0000,367328500,367328500,367328500,20177881,"히즈엠티 선교회"
360833100.0000,360833100,360833100,360833100,10080135,"토니 스콧"
5110555000.0000,5110555000,5110555000,5110555000,10062335,정초신
2886902500.0000,2886902500,2886902500,2886902500,10035303,심가상
3627352500.0000,3627352500,3627352500,3627352500,10036948,손태웅
4376240500.0000,4376240500,4376240500,4376240500,20176236,전소현
1159253000.0000,1159253000,1159253000,1159253000,10027427,"미이케 다카시"
21393452647.0000,21393452647,21393452647,21393452647,20175780,"피터 바닐라"
1740340000.0000,1740340000,1740340000,1740340000,10072489,최영태
13376765000.0000,13287054000,13466476000,26753530000,20135269,조은성
23095831460.0000,354839000,54035565100,115479157300,10043339,안병기
776385500.0000,776385500,776385500,776385500,20154489,박민
2376146100.0000,2376146100,2376146100,2376146100,10001291,"게오르그 쒸제벨"
5444560833.3333,1077451000,13844624000,16333682500,20156933,김재민
3243858000.0000,354839000,6132877000,6487716000,20031968,정종훈
65759438650.0000,64802996000,66715881300,131518877300,20173908,유사우
2775697500.0000,2775697500,2775697500,2775697500,20173650,"토니 바비에리"
2139483000.0000,2139483000,2139483000,2139483000,20173341,"안드로 마르티노비치"
14670355000.0000,14670355000,14670355000,14670355000,10002364,권미정
821271100.0000,821271100,821271100,821271100,20173022,박효섭
2500814949.0000,2500814949,2500814949,2500814949,10061346,전승훈
2500814949.0000,2500814949,2500814949,2500814949,10056952,이윤미
2090877200.0000,2090877200,2090877200,2090877200,10059656,"장 들라누와"
11765293500.0000,11765293500,11765293500,11765293500,10064985,"조 단테"
9072737842.0000,9072737842,9072737842,9072737842,20172440,유승권
7466291200.0000,3106648400,11825934000,14932582400,10054502,윤종찬
23790276987.0000,23790276987,23790276987,23790276987,10080482,"토마스 샌델"
22256769300.0000,22256769300,22256769300,22256769300,10064623,"제프 버로우즈"
993321176.0000,993321176,993321176,993321176,10053227,"윌리엄 와일러"
11220408500.0000,11220408500,11220408500,11220408500,10053081,"윌리엄 디어"
19967462500.0000,19967462500,19967462500,19967462500,10038066,"스와 노부히로"
13448848500.0000,13448848500,13448848500,13448848500,10053590,유두연
3730899000.0000,3730899000,3730899000,3730899000,10021417,"마르그리트 뒤라스"
3730899000.0000,3730899000,3730899000,3730899000,20171940,"크리스 톰슨"
297957300.0000,297957300,297957300,297957300,10083622,"폴 버호벤"
39602995500.0000,39602995500,39602995500,39602995500,10068508,"존 폴슨"
57161496467.0000,56792964517,57530028417,114322992934,10038756,"스테판 아르세니제비치"
7835485400.0000,7835485400,7835485400,7835485400,10033078,"비토리오 데 시카"
37654858000.0000,37654858000,37654858000,37654858000,10020297,"리차드 클레터"
3460497800.0000,3460497800,3460497800,3460497800,20171634,"헤만 마두카"
23130188893.0000,23130188893,23130188893,23130188893,10068777,종소웅
5639910500.0000,5639910500,5639910500,5639910500,10067169,"조지 오길비"
12661623523.0000,753985500,28379548569,37984870569,10067346,조진규
9590663500.0000,9590663500,9590663500,9590663500,10067881,"존 바담"
7443349315.5000,3222101031,11664597600,14886698631,10024735,"마틴 스콜세지"
3630557000.0000,3630557000,3630557000,3630557000,10016841,"로버트 알트만"
3630557000.0000,3630557000,3630557000,3630557000,10077814,"크리스티나 사라스와티"
3930219264.0000,3930219264,3930219264,3930219264,10059012,"잉마르 베리만"
3930219264.0000,3930219264,3930219264,3930219264,10088095,"해리 위너"
3930219264.0000,3930219264,3930219264,3930219264,20171120,"쇼다 유키히로"
625824000.0000,625824000,625824000,625824000,10089529,홍성기
1927358500.0000,1927358500,1927358500,1927358500,20111223,유주현
10697981316.0000,10697981316,10697981316,10697981316,20166555,이창희
5928169433.0000,5928169433,5928169433,5928169433,10001881,"골람 레자 라메자니"
2935796000.0000,2935796000,2935796000,2935796000,10024105,"마크 로스만"
5852391000.0000,5852391000,5852391000,5852391000,10002499,권일수
2935796000.0000,2935796000,2935796000,2935796000,10078519,"클린트 이스트우드"
459566121.0000,459566121,459566121,459566121,10003692,김기
2151393625.0000,362910000,4271750500,8605574500,20031742,박성진
30037161000.0000,30037161000,30037161000,30037161000,10028788,박성호
30037161000.0000,30037161000,30037161000,30037161000,10060028,장견정
713525000.0000,713525000,713525000,713525000,10077748,"크리스토퍼 켈너"
713525000.0000,713525000,713525000,713525000,20170260,"란 시에라즈키"
65759438650.0000,64802996000,66715881300,131518877300,10068299,"존 카펜터"
297957300.0000,297957300,297957300,297957300,10083791,"폴 질러"
1220941000.0000,1220941000,1220941000,1220941000,20169842,"샤시 란잔"
1219746000.0000,1219746000,1219746000,1219746000,10068515,"존 프랑켄하이머"
30037161000.0000,30037161000,30037161000,30037161000,10055150,이동승
13430286333.3333,1006594000,31959686000,40290859000,10000900,강철우
42267898976.0000,42267898976,42267898976,42267898976,10001742,고장위
14277968250.0000,13720377000,14835559500,28555936500,10072701,최정은
4294290050.0000,2834514800,5754065300,8588580100,10053875,유위강
23130188893.0000,23130188893,23130188893,23130188893,20156887,"얀얀 막"
33986449500.0000,33986449500,33986449500,33986449500,20127588,"윌리암 제카"
351561500.0000,351561500,351561500,351561500,20114042,"프라챠 핀카엡"
3926067500.0000,1740340000,8851802500,15704270000,10062130,정익환
4138207515.0000,4138207515,4138207515,4138207515,20128531,"에릭 이스튼버그"
412379000.0000,412379000,412379000,412379000,20111906,손석
3630557000.0000,3630557000,3630557000,3630557000,10075624,"키오니 왁스먼"
1846581582.0000,1846581582,1846581582,1846581582,20128948,김정화
4562192000.0000,1073144500,8051239500,9124384000,20128991,신동창
12333110882.0000,12333110882,12333110882,12333110882,10071589,장영치
3460497800.0000,3460497800,3460497800,3460497800,20121309,"아론 골드핑거"
13720377000.0000,13720377000,13720377000,13720377000,10083085,"페르난도 칼리페"
7233790500.0000,7233790500,7233790500,7233790500,10082985,"페데리코 펠리니"
13844624000.0000,13844624000,13844624000,13844624000,20167280,"니쉬칸트 카마트"
611420000.0000,611420000,611420000,611420000,10072639,최인현
418744000.0000,418744000,418744000,418744000,10007878,"넬슨 신"
867603000.0000,867603000,867603000,867603000,10050584,오영필
1542788950.0000,1542788950,1542788950,1542788950,20166742,윤이나
361431100.0000,361431100,361431100,361431100,20161801,이영웅
1846581582.0000,1846581582,1846581582,1846581582,20166540,박준형
2500814949.0000,2500814949,2500814949,2500814949,20166523,김영진
2500814949.0000,2500814949,2500814949,2500814949,20166522,김혜숙
459220000.0000,459220000,459220000,459220000,10054723,이건동
13049026745.0000,13049026745,13049026745,13049026745,20165728,이민정
6292855500.0000,6292855500,6292855500,6292855500,10057428,이주민
4372362666.6667,2106892000,5802318000,13117088000,10053709,유선동
3226499800.0000,363240500,7422697000,12905999200,10005328,김은숙
637892500.0000,637892500,637892500,637892500,10058148,이형민
877984800.0000,877984800,877984800,877984800,10058138,이형곤
5739824500.0000,5739824500,5739824500,5739824500,10058106,이현승
3926917300.0000,3926917300,3926917300,3926917300,10057981,이하
2942253500.0000,2942253500,2942253500,2942253500,10005640,김정환
1534151500.0000,1534151500,1534151500,1534151500,10055360,이명하
1110827000.0000,1110827000,1110827000,1110827000,10005708,김종철
7819284000.0000,7819284000,7819284000,7819284000,10005705,김종진
10770608900.0000,250534000,26119699000,43082435600,20110735,박상현
2956397623.0000,2956397623,2956397623,2956397623,10005791,김준현
462025000.0000,462025000,462025000,462025000,10066758,조운
14980836533.7500,217973600,43488814535,59923346135,10058191,이혜영
778685500.0000,778685500,778685500,778685500,10004950,김영남
2246522500.0000,2246522500,2246522500,2246522500,10005880,김지환
250534000.0000,250534000,250534000,250534000,10005907,김진민
2069922500.0000,2069922500,2069922500,2069922500,20064125,김진성
386192500.0000,386192500,386192500,386192500,10047074,양종현
6292855500.0000,6292855500,6292855500,6292855500,20111292,오상훈
4562192000.0000,1073144500,8051239500,9124384000,20128990,김승훈
357352000.0000,357352000,357352000,357352000,10050165,오덕환
4639709300.0000,4639709300,4639709300,4639709300,10050150,오달균
975730600.0000,975730600,975730600,975730600,10050085,오기현
773088000.0000,773088000,773088000,773088000,20113681,예윤희
327192000.0000,327192000,327192000,327192000,10005595,김정욱
8509222600.0000,6931136500,10087308700,17018445200,10005593,김정우
2119494000.0000,2119494000,2119494000,2119494000,10049776,여인광
1797632500.0000,1797632500,1797632500,1797632500,10004766,김수정
