avgP,minP,maxP,sumP,actorCD,Name
608056933.3333,349943500,1123934000,1824170800,20293789,정애화
15826200227.9167,251176500,66372140706,569743208205,10040580,신정근
22083707749.8421,230206600,110933981730,419590447247,10062279,정진영
16397220522.2286,350293300,105169264250,573902718278,10061699,정만식
4442741128.6667,1229698892,8836144063,13328223386,20223186,이학주
11565892514.9000,1642407500,56322098349,115658925149,20137049,진선규
12287210802.5294,1095301000,56322098349,208882583643,20152472,유지연
3511145964.3333,217973600,20597497600,52667189465,10057816,이칸희
271945300.0000,271945300,271945300,271945300,20197008,김은주
6546186407.0000,594260900,16912706195,26184745628,20288749,목규리
134375821110.0000,132998319910,135753322310,268751642220,20197663,서성광
13036331714.6000,2956397623,63783051326,130363317146,20231468,박형수
3326439772.0000,3326439772,3326439772,3326439772,20256589,김혜인
12750306562.7143,284106600,105169264250,267756437817,10071900,천호진
6918734931.2778,218173300,36292848900,124537228763,10056895,이원종
17877643857.6333,218173300,91431950670,536329315729,10066926,조재윤
666117650.0000,218173300,1114062000,1332235300,20100017,김지훈
42658061304.0000,2641412500,66372140706,127974183912,20124322,이이경
11131458154.1667,1762892500,31313568795,66788748925,20231467,안세하
1054470664.0000,1054470664,1054470664,1054470664,20210387,"샘 오취리"
31313568795.0000,31313568795,31313568795,31313568795,10091208,나나
23413322597.0000,1260533864,45566111330,46826645194,10006557,김희정
12412433617.8000,951843500,60175111015,124124336178,10053708,유선
4346028860.6667,978382500,18567863300,26076173164,10001486,고두심
7475272746.3000,273384900,34222160500,149505454926,10055970,이선균
25105599624.0714,1849140000,93665632500,351478394737,10006380,김혜수
29098973316.0000,18044217632,40153729000,58197946632,10005693,차엽
34330904545.0000,10494768945,58167040145,68661809090,20283730,정재윤
9194489637.4000,3930219264,11990707878,45972448187,20195643,이수경
3029384776.6667,2452368566,3930219264,9088154330,10067417,조한철
24575947386.0625,1762892500,105169264250,393215158177,20186095,이동휘
4335017179.0000,216276800,6986456737,13005051537,20133942,윤승아
6481379657.0000,6481379657,6481379657,6481379657,20282651,이예원
10412040715.5000,505103590,36985578499,124944488586,20090447,한예리
36752148434.0000,599122500,93042352648,147008593736,20278549,김율호
15005385745.6667,284106600,58167040145,90032314474,10049790,여진구
11552042920.9474,237013700,58167040145,219488815498,10026732,문소리
10996595328.8636,327192000,58167040145,241925097235,10029595,박희순
19385766013.2727,759481000,81025004000,426486852292,10035772,설경구
14729317828.2857,3396292000,43488814535,103105224798,20195029,이가경
8870143589.0000,8870143589,8870143589,8870143589,20235406,윤정일
746323500.0000,746323500,746323500,746323500,20290149,정성훈
6142878896.7500,415009400,9739662144,24571515587,20253678,윤진영
5173615752.3333,3584851500,8329341500,15520847257,20157273,정보름
2492442777.0000,1430079500,3554806054,4984885554,10069019,주민하
891674966.6667,314542400,1246420500,2675024900,20148026,김기연
2705566500.0000,2705566500,2705566500,2705566500,20133917,배슬기
25884541506.5000,3068195600,48700887413,51769083013,10089395,홍경인
5930678593.5000,2749609100,9111748087,11861357187,20212187,고원희
33667894215.6667,4243936350,61270079831,101003682647,20270289,원진아
11116133893.2000,728085000,35489666466,55580669466,10087638,안미나
21055058499.6667,1738293033,35489666466,63165175499,10005877,김지호
25423130909.0000,335696650,50510565168,50846261818,20281391,설준수
335696650.0000,335696650,335696650,335696650,20274149,최현우
335696650.0000,335696650,335696650,335696650,20281390,박창준
5878336050.0000,335696650,14835559500,17635008150,20166593,탁우석
335696650.0000,335696650,335696650,335696650,20281371,오경원
335696650.0000,335696650,335696650,335696650,20281389,정준영
335696650.0000,335696650,335696650,335696650,20281370,최이선
12237101736.5000,255508579,38532269000,195793627784,20289190,리우진
3460460230.0000,3460460230,3460460230,3460460230,20197786,손수현
50304255850.2500,11688465619,115706188137,201217023401,20196246,김기태
35101029440.3333,11924818185,58167040145,105303088321,20201026,김태리
22966036331.3333,263049900,115706188137,344490544970,10003967,김동욱
33008523666.6364,976008100,115706188137,363093760333,10006228,김향기
10884525349.7500,1740290500,25437192500,87076202798,10088453,허준호
5471440286.5000,3948158400,6994722173,10942880573,20217766,신은수
18217555088.6250,417495600,55827861500,145740440709,10004099,김무열
6273995427.1613,273384900,30037161000,194493858242,10003307,기주봉
30518052754.1111,4751661400,77319445264,274662474787,10004852,김시은
9003326800.0000,3068195600,14938458000,18006653600,20120069,지용석
1890873700.0000,1890873700,1890873700,1890873700,20273691,김도완
9453538848.6000,811844000,17695683795,47267694243,20186265,이유미
23790276987.0000,23790276987,23790276987,23790276987,20273690,이재균
9878609150.0000,5246996000,14510222300,19757218300,10000619,강민아
62697419249.0000,62697419249,62697419249,62697419249,20273689,김가희
13716463341.2727,459566121,50510565168,150881096754,20112047,박성일
2839654050.0000,284106600,5395201500,5679308100,20125785,김예나
8844341440.7500,931460100,23831958600,35377365763,20130289,김호원
21968680600.0000,21968680600,21968680600,21968680600,20135225,박주용
16555293024.4000,2247017000,50510565168,82776465122,20308773,김고은
1900914300.0000,1900914300,1900914300,1900914300,20306330,고나은
3810103000.0000,3810103000,3810103000,3810103000,20133853,강세정
1900914300.0000,1900914300,1900914300,1900914300,20306329,박진
1900914300.0000,1900914300,1900914300,1900914300,20299550,최희진
1900914300.0000,1900914300,1900914300,1900914300,20299551,김태민
20647941646.7500,415009400,77319445264,82591766587,20306309,김영
1157961850.0000,415009400,1900914300,2315923700,20227828,김민규
1900914300.0000,1900914300,1900914300,1900914300,20299549,소주연
14194078468.9000,209955500,105169264250,283881569378,10060279,장소연
4014072273.0000,4014072273,4014072273,4014072273,20305211,김형주
4014072273.0000,4014072273,4014072273,4014072273,20305210,한별
12561177823.5000,4014072273,19266319637,50244711294,20305209,최정헌
27780535902.2000,2500814949,63783051326,138902679511,20212660,김준한
20618276000.0000,20618276000,20618276000,20618276000,20303649,박선준
20064589110.9286,1930905564,95868830649,280904247553,20302169,차순배
17956561822.0000,326980700,62697419249,161609056398,10090163,황승언
2027581239.0000,2027581239,2027581239,2027581239,20297949,김소희
23880700123.3333,710905075,43484892913,71642100370,20297929,이주영
30443431873.9524,274134500,115706188137,639312069353,10049950,예수정
3206466183.3333,821271100,5246996000,19238797100,10061694,정려원
9817333316.3333,811692000,20579716662,29451999949,20304870,김현빈
22596856258.0000,811692000,44382020516,45193712516,20304891,정다은
1363318466.6667,357352000,3122965500,8179910800,20155402,정다빈
26909477678.0000,26909477678,26909477678,26909477678,20279149,손담비
17087724816.5455,1324401000,43488814535,187964972982,10007517,남명렬
19341306981.6667,11515559845,27242041463,58023920945,20274790,김하나
360833100.0000,360833100,360833100,360833100,20277331,김재범
2191319033.3333,1728722300,2515479835,6573957100,20199635,이지원
7630551970.8000,616132846,23790276987,38152759854,20190036,연송하
3315382033.3333,273120000,7324579000,19892292200,10003756,김꽃비
26636832465.8000,1900914300,57530028417,133184162329,20287457,이한서
16706782390.1818,1545587500,62697419249,183774606292,10006877,나문희
13204776830.4762,271945300,55863520382,277300313440,20113303,이용녀
6727109750.0000,245731000,15655329500,26908439000,20166890,신유주
30778603439.1667,4780632000,66715881300,184671620635,10035541,서이숙
2626763001.3333,357352000,5454304904,7880289004,20110885,윤기원
25781520042.8571,4326582400,55863520382,180470640300,20142702,백승철
4389632236.5000,1784542300,6994722173,8779264473,20198906,김현준
7117074178.8000,527412000,14710541000,35585370894,10056083,이세영
13797492289.9000,1229698892,61270079831,137974922899,20221674,오하늬
11012919157.1304,748936684,47102707500,253297140614,10006545,김희원
5194053725.7500,1229698892,8946889910,20776214903,20189016,이유영
10187300897.8333,417495600,22486492000,61123805387,10004171,김민교
9937239590.5000,363098800,36181314700,417364062801,10050734,오정세
417495600.0000,417495600,417495600,417495600,10061222,전광렬
991568200.0000,991568200,991568200,991568200,10026707,문석범
27411849022.2308,1246200228,61270079831,356354037289,20166024,고준
26526906997.0000,218173300,115706188137,159161441982,20235446,정지훈
2629587000.0000,1394050500,3865123500,5259174000,10071139,차승우
21442169144.0000,21442169144,21442169144,21442169144,20302270,유제윤
21442169144.0000,21442169144,21442169144,21442169144,20302269,이승욱
30315567514.6667,21442169144,44092710000,90946702544,20301589,박성훈
14218445658.5000,6994722173,21442169144,28436891317,20302249,문예원
21442169144.0000,21442169144,21442169144,21442169144,20301590,오아연
12384304458.0000,3326439772,21442169144,24768608916,20256609,박지현
6014964405.5000,3969337524,8060591287,12029928811,10079524,탕준상
1977196563.0000,1977196563,1977196563,1977196563,20195671,하윤경
17746719158.6667,993321176,30037161000,53240157476,20302129,박찬영
3700963828.5714,663144000,13579712500,25906746800,10047087,양지웅
8852257128.8333,273384900,32373120927,159340628319,10043631,안재홍
3249418215.8000,326980700,6572774337,32494182158,20110323,이솜
19371654711.0000,2956397623,58068236865,96858273555,20299151,이승용
4350453000.0000,4114057000,4586849000,8700906000,10056669,이영아
1365969407.0000,1150732700,1762892500,5463877628,10004613,김성은
5171687954.5455,811692000,11664597600,56888567500,10057411,이종혁
22749340264.3913,243405000,135753322310,523234826081,10057435,이주실
1890873700.0000,1890873700,1890873700,1890873700,20302229,김현진
3272854608.3333,253673000,7674017125,9818563825,10026816,문지윤
1890873700.0000,1890873700,1890873700,1890873700,20212927,오종혁
18890264602.1667,1505964500,55827861500,113341587613,10028507,박기웅
2971358710.5000,361431100,5474392042,11885434842,10050563,오연서
1890873700.0000,1890873700,1890873700,1890873700,20126329,박해진
17283254512.3333,10204359000,20844488409,51849763537,20127929,손여은
32591468322.0000,20800916128,44382020516,65182936644,20111107,서정연
8771746548.0000,459566121,20800916128,26315239644,20265972,이유진
2956397623.0000,2956397623,2956397623,2956397623,20290349,이유진
216276800.0000,216276800,216276800,216276800,20282729,오승훈
5205799460.5000,3930219264,6481379657,10411598921,20256970,박규영
11924818185.0000,11924818185,11924818185,11924818185,20272089,진기주
5246996000.0000,5246996000,5246996000,5246996000,20146480,서은채
6768726632.0000,440536500,21641740000,27074906528,20176563,황금희
5807823500.0000,5807823500,5807823500,5807823500,10004586,김성민
6247070466.5000,218173300,12651193723,24988281866,20219146,정해인
2246522500.0000,2246522500,2246522500,2246522500,10031366,변우민
12642700856.1579,237013700,93042352648,240211316267,10062071,정유미
3096432614.5000,285388958,6306680500,12385730458,10058918,임형국
1359190666.6667,718090000,1927358500,4077572000,20127460,이선호
14110639989.5714,389374500,57530028417,395097919708,10070602,진용욱
17328947262.4444,1927358500,82871781800,155960525362,10060144,장리우
13829768531.5000,417495600,27242041463,27659537063,20162224,이익준
17106411870.0769,284106600,63783051326,222383354311,10001907,공정환
3434148205.7500,2329754965,5012916263,13736592823,20112288,한주영
15577400659.6000,5012916263,43488814535,77887003298,20308509,김규선
18044217632.0000,18044217632,18044217632,18044217632,20307170,서은수
16444567960.0000,1220941000,105169264250,230223951440,10001457,고규필
19497680979.7500,522848900,50510565168,77990723919,20307169,장성범
46573422370.5000,2892681205,66372140706,186293689482,20305129,박해수
7121383088.7500,273384900,27242041463,28485532355,20147123,안선영
3585934900.0000,2247017000,4924852800,7171869800,20181903,이재인
12046560373.6667,1302907128,23130188893,36139681121,20302569,강두
10579273625.8889,773088000,22486492000,95213462633,20145117,송지인
7925363236.0000,493278500,27007303900,63402905888,10040291,신동미
21442169144.0000,21442169144,21442169144,21442169144,20301569,위하준
3637297980.0000,253673000,15655329500,18186489900,10005043,김영호
6538927100.0000,6538927100,6538927100,6538927100,20306438,김두용
6538927100.0000,6538927100,6538927100,6538927100,20306437,임정길
6538927100.0000,6538927100,6538927100,6538927100,20306436,김상백
2925969866.6667,1090835800,6538927100,8777909600,20237909,이현
6538927100.0000,6538927100,6538927100,6538927100,20277649,한신
6538927100.0000,6538927100,6538927100,6538927100,20306435,안소이
6538927100.0000,6538927100,6538927100,6538927100,20306434,민응식
6538927100.0000,6538927100,6538927100,6538927100,20281069,위훈
6538927100.0000,6538927100,6538927100,6538927100,20245509,사문영
2004142312.0000,251079500,6538927100,20041423120,10047326,엄상현
4916340400.0000,3293753700,6538927100,9832680800,10089485,홍범기
2547059600.0000,640343800,6538927100,10188238400,20162319,양정화
6538927100.0000,6538927100,6538927100,6538927100,20237906,이지현
3319505433.0000,3319505433,3319505433,3319505433,20308138,임지환
14235870177.5000,1229698892,27242041463,28471740355,20302909,김다미
18390012500.0000,18390012500,18390012500,18390012500,20228371,"헨릭 라파엘센"
18390012500.0000,18390012500,18390012500,18390012500,20228370,"엘렌 도리트 페테르센"
18459203000.0000,18459203000,18459203000,18459203000,20307789,김성태
24173591465.9091,240262112,98463522781,265909506125,10066380,조승우
3326439772.0000,3326439772,3326439772,3326439772,20307730,강말금
17038639000.0000,17038639000,17038639000,17038639000,10047331,엄앵란
18155398279.0000,4376240500,33986449500,72621593116,10005814,김지미
5107435482.5000,2329754965,7885116000,10214870965,10072250,최민수
4141232500.0000,2474641500,5807823500,8282465000,10035631,서지혜
3219116312.0000,1927358500,5680873500,12876465248,10029463,박한별
16169444363.3333,1430079500,34881330905,97016666180,20066637,송지효
3359163950.0000,3106648400,3611679500,6718327900,10060538,장진영
733438500.0000,655033000,811844000,1466877000,10058245,이화시
6552928832.5000,542739500,19822839764,26211715330,20112261,김지원
2466862280.0000,392591200,5379208500,12334311400,10070252,지현우
38266297419.4000,426257300,95868830649,191331487097,20115207,최귀화
21672168132.9091,1642407500,56598333057,238393849462,20134255,조우진
9771282104.6364,976008100,54035565100,107484103151,20220846,김영옥
29507584917.2500,2685519021,93042352648,118030339669,10043550,안소희
11820072056.1250,322062200,62697419249,94560576449,10029093,박인환
13177264740.1538,728085000,77319445264,171304441622,20233528,한재영
9414134529.0000,2296093000,20143992587,28242403587,20187851,지창욱
459533500.0000,459533500,459533500,459533500,20156854,임수향
18064632163.2857,951843500,43488814535,252904850286,20156304,김소진
20773890239.4545,311840500,105169264250,228512792634,10004210,김민재
28970683959.6111,349943500,135753322310,521472311273,20164537,이해영
694021380.0000,426257300,961785460,1388042760,20162795,이원근
22381551702.0000,961785460,105169264250,111907758510,10053902,유인영
12291402405.7500,1185999000,25411823400,49165609623,10058796,임주환
2673489440.0000,2673489440,2673489440,2673489440,10035748,선우용녀
7383560978.3333,2564487300,16912706195,22150682935,10035681,서현진
3912256833.3333,3222783000,5207878000,11736770500,10054355,윤소이
14883917825.0000,6204129964,23563705686,29767835650,20234546,이유비
11839849710.0000,284073700,43484892913,94718797680,20161741,박해준
21120949460.6667,811692000,55863520382,63362848382,20235266,김환희
13396807630.3333,303851500,66014775400,120571268673,10060605,장항선
4890610048.0000,1538400500,9739662144,14671830144,10029949,성준
10494768945.0000,10494768945,10494768945,10494768945,20215846,이기홍
3134729029.5000,217269000,4754763118,12538916118,20111403,이미숙
12613937345.1667,515508500,28811011456,75683624071,20137818,안서현
1436420275.0000,426257300,2586052500,5745681100,10004973,김영민
495574500.0000,495574500,495574500,495574500,20173721,배소은
13161718605.3333,9752555296,18044217632,39485155816,20128311,김영광
5451201504.6667,230206600,11515559845,32707209028,10028490,박근형
13482159692.0000,8870143589,18094175795,26964319384,10072221,최희서
2946057325.0000,263049900,4886772800,11784229300,10067455,조현철
4393092154.4000,2297005000,7652767000,21965460772,10030226,배종옥
15160126556.7778,311840500,48844889501,136441139011,20112423,전혜진
284073700.0000,284073700,284073700,284073700,20233766,정가람
7338907757.7500,273950500,44098470600,146778155155,10036828,손병호
25937216000.0000,25937216000,25937216000,25937216000,20176849,조동인
16364603618.1000,2119494000,110933981730,163646036181,20150459,김선영
695875600.0000,392591200,999160000,1391751200,10006194,김학철
19546993495.5000,17718699499,21375287492,39093986991,20215606,설현
11560473685.0000,1006594000,26909477678,57802368425,10057104,이일화
4714345098.0000,4714345098,4714345098,4714345098,20215507,"스티븐 연"
11415660655.6667,326980700,19330302500,68493963934,20110875,박지영
1137666247.0000,1137666247,1137666247,1137666247,20301338,이마붑
17673107185.0000,263049900,66372140706,212077286220,10003788,김남길
13661505750.0000,13403595000,13919416500,27323011500,20156562,윤채영
1246037750.0000,1067080000,1424995500,2492075500,10057464,이인
2816190000.0000,2816190000,2816190000,2816190000,10026736,방중현
13424000962.6667,4751661400,23831958600,40272002888,20159933,정재훈
50510565168.0000,50510565168,50510565168,50510565168,20280689,손용범
9114386350.8667,253673000,60175111015,136715795263,10062023,정우
25261215523.6000,1658653000,82871781800,378918232854,20127192,곽도원
3827484000.0000,3827484000,3827484000,3827484000,20182300,모지은
50510565168.0000,50510565168,50510565168,50510565168,20305590,명인호
6386308898.0000,3020062500,9752555296,12772617796,20112995,손현우
4714345098.0000,4714345098,4714345098,4714345098,20282652,전종서
18653724041.5000,993321176,58167040145,74614896166,20186487,임병우
30353053055.0000,594260900,110933981730,394589689715,20179150,김근영
13448848500.0000,13448848500,13448848500,13448848500,10072618,최은희
3388632643.0000,2829106886,3948158400,6777265286,20231526,고민우
811692000.0000,811692000,811692000,811692000,20304871,유수아
7017894750.0000,456077000,13579712500,14035789500,20166144,이의수
14974942404.4444,505103590,58167040145,269548963280,10058320,이희준
1084557130.0000,1084557130,1084557130,1084557130,20199010,윤찬영
32144658640.9091,505103590,135753322310,353591245050,20175963,권율
12452942588.1000,783919500,32373120927,124529425881,20125825,이하늬
15858435033.3333,1699031500,44098470600,47575305100,20303250,이창민
2829106886.0000,2829106886,2829106886,2829106886,20303249,황인아
26574963290.6000,993321176,58167040145,132874816453,20280389,지웅배
486548700.0000,486548700,486548700,486548700,20302531,김수미
486548700.0000,486548700,486548700,486548700,20302530,이상철
486548700.0000,486548700,486548700,486548700,20302529,최오식
486548700.0000,486548700,486548700,486548700,20302512,유수호
486548700.0000,486548700,486548700,486548700,20302511,서홍석
32757878628.0000,3381050200,50510565168,98273635884,20302629,김규백
6190996730.0000,1728722300,10653271160,12381993460,10072103,최고
6572774337.0000,6572774337,6572774337,6572774337,20233527,지윤호
2378021700.0000,2378021700,2378021700,2378021700,20302189,박지윤
13287054000.0000,13287054000,13287054000,13287054000,20301969,이종혁
13673678058.0000,9111748087,20143992587,41021034174,20181704,이종혁
2246522500.0000,2246522500,2246522500,2246522500,20301869,강세정
40326538843.0000,993321176,95868830649,161306155372,20290434,이주영
29076804145.2903,274134500,115706188137,901380928504,10087253,하정우
881663400.0000,881663400,881663400,881663400,20301491,최용수
881663400.0000,881663400,881663400,881663400,20301389,이상운
322062200.0000,322062200,322062200,322062200,20289229,윤덕용
322062200.0000,322062200,322062200,322062200,10058908,임현식
5613806522.8000,322062200,9929947065,28069032614,10040262,신구
1797632500.0000,1797632500,1797632500,1797632500,20301189,성기윤
58167040145.0000,58167040145,58167040145,58167040145,20300992,남민우
835941500.0000,835941500,835941500,835941500,20111370,윤동환
2872135519.3333,216276800,7801007258,8616406558,20157664,박상훈
2318884500.0000,2318884500,2318884500,2318884500,20161811,이용우
53800771400.0000,53800771400,53800771400,53800771400,10006199,김한국
25692454180.9333,1652561200,115706188137,385386812714,20148715,김태준
6079359074.3333,439840592,16155829131,18238077223,20265230,공민정
8730465352.0667,237013700,58167040145,130956980281,10026716,문성근
35489666466.0000,35489666466,35489666466,35489666466,10087627,한승헌
2641412500.0000,2641412500,2641412500,2641412500,20298424,최초아
24448106930.6842,1859615500,77319445264,464514031683,10000558,강동원
7216535507.6000,2907311546,13489904632,36082677538,20166701,남연우
58167040145.0000,58167040145,58167040145,58167040145,10072112,최광일
3326439772.0000,3326439772,3326439772,3326439772,20297747,이재윤
35489666466.0000,35489666466,35489666466,35489666466,20297737,정환
22917577882.8000,3357912530,58167040145,114587889414,20179073,이태형
31313568795.0000,31313568795,31313568795,31313568795,20297676,이창호
65871955510.0000,3810103000,110933981730,197615866530,20131590,이진희
115706188137.0000,115706188137,115706188137,115706188137,20232351,이지향
8384667645.6667,255508579,20143992587,25154002937,20181927,이정훈
18884197350.3333,993321176,35489666466,113305184102,20196179,이정호
32369244377.5556,830984100,95868830649,291323199398,20189363,이정은
29081615983.2000,6276963402,77319445264,145408079916,20195903,이승훈
25154233842.2000,284073700,115706188137,251542338422,20195894,이승준
58167040145.0000,58167040145,58167040145,58167040145,20195566,이상준
24226215030.2500,9731838195,58167040145,96904860121,20253851,이동희
25541438246.6667,363098800,58167040145,76624314740,20260509,이동욱
58167040145.0000,58167040145,58167040145,58167040145,20297031,이가영
29021857167.9200,315291000,115706188137,725546429198,10021341,마동석
25023991482.2895,284106600,115706188137,950911676327,10054755,이경영
3326439772.0000,3326439772,3326439772,3326439772,20296813,정유민
35489666466.0000,35489666466,35489666466,35489666466,20296812,정유나
18094175795.0000,18094175795,18094175795,18094175795,10010107,"달시 파켓"
364405500.0000,364405500,364405500,364405500,20296567,김재덕
364405500.0000,364405500,364405500,364405500,20296566,장수원
364405500.0000,364405500,364405500,364405500,20296671,이재진
364405500.0000,364405500,364405500,364405500,20296565,강성훈
25805649681.3333,3264596000,58167040145,154833898088,20152252,유정호
31313568795.0000,31313568795,31313568795,31313568795,10061518,전헌태
3357912530.0000,3357912530,3357912530,3357912530,20295755,임지혜
1930905564.0000,1930905564,1930905564,1930905564,20295749,임용순
31225419792.0000,31225419792,31225419792,31225419792,20295698,이호중
216276800.0000,216276800,216276800,216276800,10058182,이혜수
6276963402.0000,6276963402,6276963402,6276963402,10005484,김재록
73799911502.6667,12651193723,115706188137,221399734508,20294909,최용훈
2879121115.0000,2879121115,2879121115,2879121115,20294851,황정용
11783109998.0000,11783109998,11783109998,11783109998,20294849,황인주
25539734986.0000,25539734986,25539734986,25539734986,10090175,황연희
3357912530.0000,3357912530,3357912530,3357912530,20294737,황수진
42407832092.0000,42407832092,42407832092,42407832092,20230519,이현우
47446292842.0000,44382020516,50510565168,94892585684,20285998,이하준
11783109998.0000,11783109998,11783109998,11783109998,20294666,이하은
50510565168.0000,50510565168,50510565168,50510565168,20294665,이하은
19375123904.3333,542739500,56322098349,58125371713,20164000,이태규
9591898638.3333,619287500,25539734986,28775695915,20166720,이지훈
50510565168.0000,50510565168,50510565168,50510565168,20181764,이지환
50510565168.0000,50510565168,50510565168,50510565168,20294568,이지은
50510565168.0000,50510565168,50510565168,50510565168,20294563,이준희
50510565168.0000,50510565168,50510565168,50510565168,20294562,허승준
13415494940.0000,349943500,53800771400,295140888680,10057492,이준혁
22888014013.6000,9599189500,50510565168,114440070068,20133615,이준혁
28295921226.6667,8330342500,44382020516,84887763680,20209046,이주원
2672293360.5000,2515479835,2829106886,5344586721,20290433,이주연
50510565168.0000,50510565168,50510565168,50510565168,20294611,이제훈
15944309590.7500,1658653000,30220536000,127554476726,10057349,이제훈
25539734986.0000,25539734986,25539734986,25539734986,20290422,이정현
18710443652.0000,2879121115,50510565168,74841774608,20290423,이정현
65142972685.4000,349943500,135753322310,325714863427,10057329,이정현
4641500681.2500,218173300,8597290000,18566002725,10057300,이정우
4457724468.5000,4367582379,4547866558,8915448937,20196172,이정연
3930219264.0000,3930219264,3930219264,3930219264,20294589,이정민
17753855372.7500,3068195600,50510565168,71015421491,20166519,이정민
16357222819.5000,2677284639,30037161000,32714445639,20196138,이재혁
15893630293.2000,1784542300,50510565168,79468151466,20165022,이재민
63331404986.0000,10956621835,115706188137,126662809972,20294389,강소백
2515479835.0000,2515479835,2515479835,2515479835,20294337,함영준
1260533864.0000,1260533864,1260533864,1260533864,20294318,한지호
11783109998.0000,11783109998,11783109998,11783109998,10087461,한명순
50510565168.0000,50510565168,50510565168,50510565168,20294258,최호영
1049542350.0000,314542400,1784542300,2099084700,20196080,이은주
10180134693.5000,216276800,20143992587,20360269387,20254828,이유진
17426957427.5000,1930905564,55863520382,69707829710,20161455,이연
2879121115.0000,2879121115,2879121115,2879121115,20294136,이신우
11706404543.2000,951843500,44382020516,58532022716,10056298,이승희
2515479835.0000,2515479835,2515479835,2515479835,20254428,이승진
25539734986.0000,25539734986,25539734986,25539734986,20294121,이승민
27248705990.0000,27248705990,27248705990,27248705990,20254414,이수현
4472539265.0000,3357912530,5587166000,8945078530,20158232,이수연
53825970323.5000,11783109998,95868830649,107651940647,20289646,이수민
32757008090.5000,4243936350,61270079831,65514016181,20254159,이수광
50510565168.0000,50510565168,50510565168,50510565168,20294104,이세형
3357912530.0000,3357912530,3357912530,3357912530,20294118,이세원
11786942306.2500,3541402400,17718699499,47147769225,20195618,이성준
11783109998.0000,11783109998,11783109998,11783109998,20294116,이성은
22098064665.0625,1302907128,82871781800,353569034641,20110148,이성민
26934238849.0000,3357912530,50510565168,53868477698,20294099,이선민
3711676636.3333,3357912530,4367582379,11135029909,20199569,이상훈
4868894833.3333,308882000,13579712500,14606684500,20133605,이상훈
17439515681.8000,2191787000,50510565168,87197578409,20152098,이상협
5733780869.7368,230047000,20483051393,108941836525,20112263,이병준
287245960.0000,264189420,310302500,574491920,20242187,이민규
21172067233.0000,6276963402,36067171064,42344134466,20265812,이경재
16013385402.0000,1725990153,61270079831,96080312412,20222226,이동진
34888442402.5000,19266319637,50510565168,69776884805,20289592,이동준
10653271160.0000,10653271160,10653271160,10653271160,20294036,이동근
31951457048.0000,961785460,50510565168,95854371144,20289173,이다영
31206321773.7500,9111748087,44395967609,124825287095,20195049,이경훈
216276800.0000,216276800,216276800,216276800,20294024,이경민
3357912530.0000,3357912530,3357912530,3357912530,20294023,이경민
712734900.0000,712734900,712734900,712734900,20199848,김성연
3357912530.0000,3357912530,3357912530,3357912530,20293713,최안나
56322098349.0000,56322098349,56322098349,56322098349,20293607,최성재
2879121115.0000,2879121115,2879121115,2879121115,20293605,최서윤
3930219264.0000,3930219264,3930219264,3930219264,20293156,채현우
50510565168.0000,50510565168,50510565168,50510565168,20293150,지재우
8737864643.0000,8737864643,8737864643,8737864643,20293109,박나예
5496761279.0000,3319505433,7674017125,10993522558,20292930,김말구
2515479835.0000,2515479835,2515479835,2515479835,20292805,오세진
2677284639.0000,2677284639,2677284639,2677284639,20292796,조민성
50510565168.0000,50510565168,50510565168,50510565168,20292653,정부용
50510565168.0000,50510565168,50510565168,50510565168,20292549,정규호
50510565168.0000,50510565168,50510565168,50510565168,20292537,전창현
3357912530.0000,3357912530,3357912530,3357912530,20292478,전누리
3357912530.0000,3357912530,3357912530,3357912530,20292516,장현도
31225419792.0000,31225419792,31225419792,31225419792,10060469,장정국
51004139315.3571,220051200,115706188137,714057950415,10057315,이정재
7359209487.8889,842501700,27248705990,66232885391,10050781,오지혜
50510565168.0000,50510565168,50510565168,50510565168,20159532,오정현
218173300.0000,218173300,218173300,218173300,20292148,오유진
3930219264.0000,3930219264,3930219264,3930219264,20291839,안성봉
1930905564.0000,1930905564,1930905564,1930905564,20291830,신지훈
11783109998.0000,11783109998,11783109998,11783109998,20291765,신은영
17718699499.0000,17718699499,17718699499,17718699499,20220093,서현석
216276800.0000,216276800,216276800,216276800,20291595,서지혜
2879121115.0000,2879121115,2879121115,2879121115,20291591,서주연
2396345442.3333,218173300,6276963402,14378072654,20291569,박호산
18728592694.3333,12309164568,31225419792,56185778083,20228232,서병철
1846581582.0000,1846581582,1846581582,1846581582,20291429,황혜인
2829106886.0000,2829106886,2829106886,2829106886,20291405,황재욱
993321176.0000,993321176,993321176,993321176,20291401,황윤성
9739662144.0000,9739662144,9739662144,9739662144,20291374,황성호
759481000.0000,759481000,759481000,759481000,20291391,황비긴
95868830649.0000,95868830649,95868830649,95868830649,20291389,황민형
29908455627.3333,1260533864,44395967609,89725366882,20249709,박혜영
19221300524.0000,1699031500,50510565168,57663901572,20139269,박혜민
20384930923.0000,616132846,40153729000,40769861846,20139117,박현수
13185265148.7500,2879121115,39380162179,105482121190,20186167,박지훈
38207572216.5000,8737864643,105169264250,152830288866,20183250,박지혜
1260533864.0000,1260533864,1260533864,1260533864,20291228,박지윤
31225419792.0000,31225419792,31225419792,31225419792,20291227,박지원
20051238690.6667,4188846000,50510565168,60153716072,20135387,박준서
10493247143.5000,842501700,20143992587,20986494287,20135285,박주현
1930905564.0000,1930905564,1930905564,1930905564,20291208,박주연
216276800.0000,216276800,216276800,216276800,20183215,박주연
2879121115.0000,2879121115,2879121115,2879121115,20291201,박정숙
50510565168.0000,50510565168,50510565168,50510565168,20286505,박정민
10653271160.0000,10653271160,10653271160,10653271160,20291213,박재영
5791107937.0000,359247800,17718699499,28955539685,20133264,박재영
2515479835.0000,2515479835,2515479835,2515479835,20291210,박은혜
33039368059.3333,10653271160,44395967609,99118104178,20248451,박윤식
37150421077.5000,23790276987,50510565168,74300842155,20227748,박영준
31296833087.0000,2677284639,82871781800,187780998522,20158628,박수영
1260533864.0000,1260533864,1260533864,1260533864,20291174,박소정
5379367808.0000,2677284639,9731838195,16138103424,20181686,박소영
1260533864.0000,1260533864,1260533864,1260533864,20291162,박소연
28194417815.3750,2749609100,105169264250,225555342523,20209686,박소담
13689978000.0000,6383653500,20996302500,27379956000,20158107,박세준
3930219264.0000,3930219264,3930219264,3930219264,20291159,박성희
218173300.0000,218173300,218173300,218173300,20291172,박성호
22559020518.6667,5478113500,50510565168,67677061556,20110633,박선주
26378757753.5000,2246950339,50510565168,52757515507,20229487,박선
20314394377.2500,3357912530,44382020516,81257577509,20211007,박서준
50510565168.0000,50510565168,50510565168,50510565168,20291136,박상호
1930905564.0000,1930905564,1930905564,1930905564,20291131,박상규
56322098349.0000,56322098349,56322098349,56322098349,20154873,박상규
2227291000.0000,2227291000,2227291000,2227291000,20154832,박보연
5282596050.0000,360833100,10204359000,10565192100,10007498,남규리
3357912530.0000,3357912530,3357912530,3357912530,20290972,문광무
9739662144.0000,9739662144,9739662144,9739662144,20290732,홍준선
18094175795.0000,18094175795,18094175795,18094175795,20290731,홍준석
10494768945.0000,10494768945,10494768945,10494768945,20290708,홍윤기
3319505433.0000,3319505433,3319505433,3319505433,20290679,홍성호
961785460.0000,961785460,961785460,961785460,20290494,허인
9111748087.0000,9111748087,9111748087,9111748087,20188866,최미라
6284384515.0000,2829106886,9739662144,12568769030,20290435,이주현
10649202459.0000,10341783083,10956621835,21298404918,20217606,이주원
14413002195.0000,359247800,43488814535,57652008780,20231786,이주연
36292848900.0000,36292848900,36292848900,36292848900,20165448,이종필
19266319637.0000,19266319637,19266319637,19266319637,20290450,이종재
993321176.0000,993321176,993321176,993321176,20290428,이종영
18936375055.5000,2991824739,66007533500,113618250333,20127912,이종석
18094175795.0000,18094175795,18094175795,18094175795,20290426,이종민
208911200.0000,208911200,208911200,208911200,20290407,이정훈
5882354412.8750,251176500,16751202503,47058835303,10057320,이정진
11688382888.0000,11688382888,11688382888,11688382888,20196170,이정아
5054757395.0000,5054757395,5054757395,5054757395,20290401,이정수
18343498418.8571,993321176,44382020516,128404488932,20186308,이정수
2829106886.0000,2829106886,2829106886,2829106886,20290419,이정섭
1150732700.0000,1150732700,1150732700,1150732700,20290399,이정민
830973100.0000,830973100,830973100,830973100,20290395,이재훈
12651193723.0000,12651193723,12651193723,12651193723,20290415,이재환
11572981334.0000,10494768945,12651193723,23145962668,20290393,이재현
3215588500.0000,3215588500,3215588500,3215588500,20169894,이재현
8121846449.5000,993321176,11727860300,32487385798,20165072,이재은
1847107020.0000,1020724600,2673489440,3694214040,20290366,이재우
23790276987.0000,23790276987,23790276987,23790276987,20290383,이재수
11688465619.0000,11688465619,11688465619,11688465619,20165029,이재성
1911214031.0000,993321176,2829106886,3822428062,20290379,이자은
15031776511.0000,7674017125,22389535897,30063553022,20224273,이인규
26028018820.5000,7674017125,44382020516,52056037641,20290371,이은비
24304401946.5000,10494768945,43488814535,97217607786,20224226,이윤희
208911200.0000,208911200,208911200,208911200,20290353,이윤혁
10956621835.0000,10956621835,10956621835,10956621835,20290352,이윤하
4410499675.0000,902219500,8362778700,17641998700,10056941,이유진
12651193723.0000,12651193723,12651193723,12651193723,10056869,이웅희
23790276987.0000,23790276987,23790276987,23790276987,20290337,이용직
1150732700.0000,1150732700,1150732700,1150732700,20290333,이예림
6650278476.0000,2956397623,12651193723,26601113904,20290331,이영호
11021167097.5000,3948158400,18094175795,22042334195,20186250,이영상
10113303570.0000,9731838195,10494768945,20226607140,20254790,이영민
993321176.0000,993321176,993321176,993321176,20290267,허나경
18094175795.0000,18094175795,18094175795,18094175795,20290258,이신우
19266319637.0000,19266319637,19266319637,19266319637,20290257,한하늘
7674017125.0000,7674017125,7674017125,7674017125,20181230,이시훈
18094175795.0000,18094175795,18094175795,18094175795,20254754,이승환
16172355712.0000,599122500,56445023256,80861778560,20260672,이승철
1913087600.0000,1913087600,1913087600,1913087600,20199239,이승준
9739662144.0000,9739662144,9739662144,9739662144,20256373,이승주
12651193723.0000,12651193723,12651193723,12651193723,20290223,이승일
44382020516.0000,44382020516,44382020516,44382020516,20290222,한재욱
2475116902.2500,505103590,6572774337,9900467609,20224074,이승연
9072737842.0000,9072737842,9072737842,9072737842,20290195,이승민
9471138230.0000,9471138230,9471138230,9471138230,10042209,"아서 케네디"
1150732700.0000,1150732700,1150732700,1150732700,20290090,한승환
3319505433.0000,3319505433,3319505433,3319505433,20290041,한민철
43488814535.0000,43488814535,43488814535,43488814535,20290070,한미진
9695144840.0000,542739500,18567863300,48475724200,10056199,이순재
22339988908.0000,297957300,44382020516,44679977816,20254413,이수진
8737864643.0000,8737864643,8737864643,8737864643,20223877,이수지
38003756484.5000,20143992587,55863520382,76007512969,20231670,이수빈
1777803000.0000,1777803000,1777803000,1777803000,20158103,이수민
2440004213.0000,2440004213,2440004213,2440004213,20254156,이소정
22596932258.0000,811844000,44382020516,45193864516,20186197,이세희
55189526474.5000,14510222300,95868830649,110379052949,20195626,이성호
9994888639.6667,3511102500,17361815332,29984665919,20181152,이성재
3759644486.0000,3396292000,4122996972,7519288972,20195609,이성민
18094175795.0000,18094175795,18094175795,18094175795,20289614,이성규
12333110882.0000,12333110882,12333110882,12333110882,20186161,이선아
23404159984.0000,3319505433,43488814535,46808319968,20154472,이석호
8986080609.0000,993321176,22389535897,26958241827,20223753,이석현
759481000.0000,759481000,759481000,759481000,20289610,이석
17899661043.5000,15655329500,20143992587,35799322087,20154270,이석
20723095422.6250,594082500,95868830649,165784763381,20166879,이새별
4702345970.0000,2673489440,6731202500,9404691940,20181118,이상희
14559017612.0000,14559017612,14559017612,14559017612,20289588,이상호
10024112386.5000,349943500,29894157890,40096449546,20195572,이상현
24699689015.5000,594260900,44395967609,98798756062,20195567,이상진
8745106456.5000,1846581582,17797131500,34980425826,20151292,이상원
1150732700.0000,1150732700,1150732700,1150732700,20289582,최효정
10354579299.6667,1590807200,22209675300,31063737899,20231906,이상수
44382020516.0000,44382020516,44382020516,44382020516,20289576,이상민
10494768945.0000,10494768945,10494768945,10494768945,20181064,이상구
4970105543.0000,993321176,8946889910,9940211086,20223140,이보라
18094175795.0000,18094175795,18094175795,18094175795,20289563,이병훈
20143992587.0000,20143992587,20143992587,20143992587,20289561,이민호
5474392042.0000,5474392042,5474392042,5474392042,20253887,이민지
9188322879.0000,6385937880,11990707878,18376645758,20111089,이민지
6771570542.0000,2027581239,11515559845,13543141084,20253882,이민아
11266624568.2222,1651122533,27242041463,101399621114,20112011,이미소
961785460.0000,961785460,961785460,961785460,20289524,이명규
11990707878.0000,11990707878,11990707878,11990707878,20232324,이루리
7674017125.0000,7674017125,7674017125,7674017125,20289521,최형욱
2483146400.0000,1020724600,4124164500,9932585600,20111316,이동규
11731749010.0000,3319505433,20143992587,23463498020,20289532,최창국
23850762974.5000,3319505433,44382020516,47701525949,20289511,이도현
993321176.0000,993321176,993321176,993321176,20289493,최지안
44382020516.0000,44382020516,44382020516,44382020516,20289489,최지민
10956621835.0000,10956621835,10956621835,10956621835,20289378,최상재
2685519021.0000,2685519021,2685519021,2685519021,20289355,최병구
712734900.0000,712734900,712734900,712734900,20266410,최낙윤
44382020516.0000,44382020516,44382020516,44382020516,20289312,최광원
20143992587.0000,20143992587,20143992587,20143992587,20289311,최경식
20143992587.0000,20143992587,20143992587,20143992587,20289285,최경미
1150732700.0000,1150732700,1150732700,1150732700,20289297,채환
21393452647.0000,21393452647,21393452647,21393452647,20289249,양근수
10341783083.0000,10341783083,10341783083,10341783083,20172740,이달
19266319637.0000,19266319637,19266319637,19266319637,20289176,이다은
43488814535.0000,43488814535,43488814535,43488814535,20289170,이나경
1602763469.5000,958576600,2246950339,3205526939,20162919,이광호
1090835800.0000,1090835800,1090835800,1090835800,20289141,이경진
12185569598.5000,6276963402,18094175795,24371139197,20289137,이경수
27143713669.0000,9905406822,44382020516,54287427338,20289133,이강재
21809901568.7143,599122500,82871781800,152669310981,10054519,윤준호
6276963402.0000,6276963402,6276963402,6276963402,20239907,윤성민
1090835800.0000,1090835800,1090835800,1090835800,20289059,윤민영
350293300.0000,350293300,350293300,350293300,20277349,윤경호
23729662569.0500,311840500,105169264250,949186502762,10054128,유해진
43488814535.0000,43488814535,43488814535,43488814535,20289019,유현종
15628513757.5000,11990707878,19266319637,31257027515,20152525,유지현
3319505433.0000,3319505433,3319505433,3319505433,20288972,유요한
91676201874.0000,6276963402,135753322310,275028605622,20198807,유명환
3540442459.0000,1846581582,5234303336,7080884918,20253515,유경훈
9115381993.5000,3306109500,14924654487,18230763987,20111474,이서진
9739662144.0000,9739662144,9739662144,9739662144,20288818,차미진
2685519021.0000,2685519021,2685519021,2685519021,10070433,진남수
10956621835.0000,10956621835,10956621835,10956621835,20288764,지성훈
6276963402.0000,6276963402,6276963402,6276963402,20288783,지경현
7674017125.0000,7674017125,7674017125,7674017125,20288781,주현수
19266319637.0000,19266319637,19266319637,19266319637,20288702,조해진
2829106886.0000,2829106886,2829106886,2829106886,20288730,조한별
10956621835.0000,10956621835,10956621835,10956621835,20288694,조청원
20143992587.0000,20143992587,20143992587,20143992587,20288657,조진규
23072456508.0000,1762892500,44382020516,46144913016,20185889,우상기
386192500.0000,386192500,386192500,386192500,20157840,오수현
44382020516.0000,44382020516,44382020516,44382020516,20288301,조윤주
2829106886.0000,2829106886,2829106886,2829106886,20288300,조유찬
2829106886.0000,2829106886,2829106886,2829106886,20288311,조원진
993321176.0000,993321176,993321176,993321176,20288298,조원빈
737817900.0000,384800000,1090835800,1475635800,20221054,안효민
772483500.0000,772483500,772483500,772483500,20288227,안철호
3319505433.0000,3319505433,3319505433,3319505433,20288224,안지현
7387086869.0000,7387086869,7387086869,7387086869,20232288,안소연
1150732700.0000,1150732700,1150732700,1150732700,20288162,심은주
2074487766.6667,511579300,4999149100,6223463300,20191807,심규혁
759481000.0000,759481000,759481000,759481000,20288169,조성미
18094175795.0000,18094175795,18094175795,18094175795,20288136,조박
1846581582.0000,1846581582,1846581582,1846581582,20288041,정태인
9739662144.0000,9739662144,9739662144,9739662144,20288040,정태수
20143992587.0000,20143992587,20143992587,20143992587,20288012,정이삭
2829106886.0000,2829106886,2829106886,2829106886,20287915,정유빈
2956397623.0000,2956397623,2956397623,2956397623,20287910,정원태
6276963402.0000,6276963402,6276963402,6276963402,20287876,정연수
10494768945.0000,10494768945,10494768945,10494768945,20287805,정연서
9739662144.0000,9739662144,9739662144,9739662144,20287802,신진철
20844488409.0000,20844488409,20844488409,20844488409,20287800,신지훈
6997970696.3333,759481000,10494768945,20993912089,20287856,신중혁
772483500.0000,772483500,772483500,772483500,20287854,신종민
44382020516.0000,44382020516,44382020516,44382020516,20287796,신정화
33805038882.0000,4912658515,62697419249,67610077764,20188627,신재훈
9739662144.0000,9739662144,9739662144,9739662144,20287809,정성윤
63783051326.0000,63783051326,63783051326,63783051326,20287744,신유철
2829106886.0000,2829106886,2829106886,2829106886,20287763,신영진
1846581582.0000,1846581582,1846581582,1846581582,20131765,신영진
439840592.0000,439840592,439840592,439840592,20287749,신선
6372190017.5000,2991824739,9752555296,12744380035,20128312,신민철
22156368721.6667,1859615500,45566111330,132938212330,10037206,송재호
23448498199.6667,6276963402,43488814535,70345494599,20258950,손영진
6276963402.0000,6276963402,6276963402,6276963402,20287656,손승훈
993321176.0000,993321176,993321176,993321176,20287594,정서영
20143992587.0000,20143992587,20143992587,20143992587,20287564,정상문
2673489440.0000,2673489440,2673489440,2673489440,20287561,정보연
28948891659.0000,13515762802,44382020516,57897783318,20197672,서지원
2956397623.0000,2956397623,2956397623,2956397623,20287551,서주연
70125425582.5000,44382020516,95868830649,140250851165,20287540,서정우
54082535921.0000,44382020516,63783051326,108165071842,20228210,서은지
10494768945.0000,10494768945,10494768945,10494768945,20287487,정병진
21813603147.6667,369339300,48844889501,65440809443,20207266,서예지
9905406822.0000,9905406822,9905406822,9905406822,20287531,서수민
1020724600.0000,1020724600,1020724600,1020724600,20144982,서민수
18094175795.0000,18094175795,18094175795,18094175795,20287489,정무진
7674017125.0000,7674017125,7674017125,7674017125,20287333,정기욱
20143992587.0000,20143992587,20143992587,20143992587,20287332,정근수
830973100.0000,830973100,830973100,830973100,20287331,정규환
993321176.0000,993321176,993321176,993321176,20287294,전혜수
961785460.0000,961785460,961785460,961785460,20287310,전현준
1846581582.0000,1846581582,1846581582,1846581582,20287250,전유림
20143992587.0000,20143992587,20143992587,20143992587,20287229,전영욱
830973100.0000,830973100,830973100,830973100,20287144,전성우
2829106886.0000,2829106886,2829106886,2829106886,20287140,전민
712734900.0000,712734900,712734900,712734900,20276750,장현주
21375287492.0000,21375287492,21375287492,21375287492,20287050,장정윤
22256769300.0000,22256769300,22256769300,22256769300,20193225,배정현
43488814535.0000,43488814535,43488814535,43488814535,20286916,장승연
1846581582.0000,1846581582,1846581582,1846581582,20286930,배유리
44382020516.0000,44382020516,44382020516,44382020516,20286910,장석진
20143992587.0000,20143992587,20143992587,20143992587,20286870,장민준
5054757395.0000,5054757395,5054757395,5054757395,20286796,박희진
993321176.0000,993321176,993321176,993321176,20258722,박희진
9905406822.0000,9905406822,9905406822,9905406822,20286759,박희정
11403861018.5000,3541402400,19266319637,22807722037,20183927,박희정
7674017125.0000,7674017125,7674017125,7674017125,20286794,임효은
7674017125.0000,7674017125,7674017125,7674017125,20286723,박형우
2616673429.0000,2616673429,2616673429,2616673429,20232806,박현지
5910169638.4615,363899000,17598617600,76832205300,20100597,박현영
2674332423.5000,304884500,5149571612,10697329694,20138782,박태영
12651193723.0000,12651193723,12651193723,12651193723,20286702,박진욱
17296314764.3333,599122500,43488814535,51888944293,20248704,박진영
14454529674.0833,1246200228,77319445264,173454356089,20110896,박지환
36067939454.7500,3319505433,77319445264,144271757819,20183253,박지홍
7674017125.0000,7674017125,7674017125,7674017125,20286645,박지호
1482364970.0000,291240500,2673489440,2964729940,20137223,박지윤
6851260750.0000,253673000,13448848500,13702521500,20111145,박지연
5427008372.5000,359247800,10494768945,10854016745,20227772,박지연
13190596988.4000,2673489440,42407832092,65952984942,20137001,박지수
993321176.0000,993321176,993321176,993321176,20286639,박준희
10956621835.0000,10956621835,10956621835,10956621835,20286669,박준호
5453156368.7500,350293300,17718699499,21812625475,20193134,박준영
20143992587.0000,20143992587,20143992587,20143992587,20286650,박준규
44382020516.0000,44382020516,44382020516,44382020516,20286589,박정훈
25192224314.0000,297957300,98463522781,125961121570,20110720,박정환
2139483000.0000,2139483000,2139483000,2139483000,20134452,박정선
13446485740.4667,784148500,43488814535,201697286107,20110693,박정민
961785460.0000,961785460,961785460,961785460,20286502,박재홍
23926680918.5000,3471341321,44382020516,47853361837,20193110,박재홍
10956621835.0000,10956621835,10956621835,10956621835,20286500,박재웅
20143992587.0000,20143992587,20143992587,20143992587,20286497,박재민
350293300.0000,350293300,350293300,350293300,20286470,임지아
993321176.0000,993321176,993321176,993321176,20286373,임성환
961785460.0000,961785460,961785460,961785460,20286370,임상현
10956621835.0000,10956621835,10956621835,10956621835,20286317,임보라
9739662144.0000,9739662144,9739662144,9739662144,20286350,임도현
44382020516.0000,44382020516,44382020516,44382020516,20286349,임대현
95868830649.0000,95868830649,95868830649,95868830649,20286217,이호균
44382020516.0000,44382020516,44382020516,44382020516,20286230,이현일
6276963402.0000,6276963402,6276963402,6276963402,20286110,이한성
2673489440.0000,2673489440,2673489440,2673489440,20285991,이창희
95868830649.0000,95868830649,95868830649,95868830649,20285972,이창섭
993321176.0000,993321176,993321176,993321176,20285970,박은지
19408748442.7143,976008100,88908642769,135861239099,20132409,박윤호
830973100.0000,830973100,830973100,830973100,20285949,박윤주
993321176.0000,993321176,993321176,993321176,20285880,박우준
2673489440.0000,2673489440,2673489440,2673489440,20285909,박예진
8609950909.0000,993321176,16226580642,17219901818,20248412,박예슬
11019654017.8000,748936684,43488814535,55098270089,20217866,박시영
350293300.0000,350293300,350293300,350293300,20285409,윤혜리
20844488409.0000,20844488409,20844488409,20844488409,20280869,염진환
604798988.0000,216276800,993321176,1209597976,20182789,사우
19812241100.0000,3584851500,47102707500,118873446600,20177940,류성훈
8634096450.1667,1762892500,23831958600,51804578701,20189237,남태부
552273700.0000,552273700,552273700,552273700,10047608,"에드가 킨테로"
1137666247.0000,1137666247,1137666247,1137666247,20124907,조규완
566731000.0000,566731000,566731000,566731000,10035520,서유리
13697294292.5455,3554806054,44382020516,150670237218,20111688,강하늘
4999149100.0000,4999149100,4999149100,4999149100,20283550,김채하
511579300.0000,511579300,511579300,511579300,20283250,김기철
19514819809.0000,13489904632,25539734986,39029639618,20202246,성유빈
5473861666.6667,1229614500,11629780500,16421585000,10035658,서태화
3130085657.5000,2879121115,3381050200,6260171315,20254033,곽동연
2879121115.0000,2879121115,2879121115,2879121115,20254032,이서원
6691606629.3333,2879121115,13181626500,20074819888,10061614,정규수
14280188148.9375,842501700,98463522781,228483010383,10028660,박병은
2600160250.0000,978382500,4221938000,5200320500,10005239,김유석
23369531794.8000,292031500,105169264250,233695317948,10053802,유아인
6875771559.6667,884934300,15374798000,20627314679,20282689,김한나
20800916128.0000,20800916128,20800916128,20800916128,20282509,김지환
39280982214.6667,23831958600,62697419249,117842946644,20207827,강필선
6481379657.0000,6481379657,6481379657,6481379657,20281649,김민재
10341783083.0000,10341783083,10341783083,10341783083,20279349,방유설
985725100.0000,985725100,985725100,985725100,20281429,주진우
2035223800.0000,2035223800,2035223800,2035223800,20281412,고대영
2035223800.0000,2035223800,2035223800,2035223800,20281411,김장겸
2035223800.0000,2035223800,2035223800,2035223800,20281410,김재철
2035223800.0000,2035223800,2035223800,2035223800,20281409,이명박
3069388100.0000,3069388100,3069388100,3069388100,10055781,"이사벨라 모너"
7828891800.0000,7828891800,7828891800,7828891800,20281332,이진성
20530414822.5714,1913087600,91431950670,143712903758,10003728,김기천
4606677600.0000,4326582400,4886772800,9213355200,10086945,하성광
16925756463.0000,16155829131,17695683795,33851512926,20233327,이진성
26472930725.5385,470675000,115706188137,344148099432,20153744,김수안
14565679425.6190,311840500,36067171064,305879267938,10000736,강신일
13824815427.7143,439400000,44395967609,96773707994,20157462,정상훈
7336056988.1429,274134500,28622355500,102704797834,10001915,공형진
6756739351.6316,640343800,15494034100,128378047681,10058849,임창정
25539734986.0000,25539734986,25539734986,25539734986,10049864,염혜란
27248705990.0000,27248705990,27248705990,27248705990,20281190,류신
27248705990.0000,27248705990,27248705990,27248705990,20281189,정무성
9303137165.0000,6256243213,12291081634,27909411495,20233666,채서진
6534901655.1429,3360045489,11990707878,45744311586,20125838,김고은
10310393795.1667,217269000,44092710000,123724725542,10058646,임수정
285969000.0000,285969000,285969000,285969000,20125805,김준구
13303566995.3158,250534000,66715881300,252767772911,10031400,변희봉
15764048766.0000,1246200228,36067171064,236460731490,10004060,김명민
10341783083.0000,10341783083,10341783083,10341783083,20279330,신린아
19831435242.1000,360833100,95868830649,198314352421,10029480,박혁권
37632110651.3333,4243936350,95868830649,677377991724,10037018,송강호
21012559828.5000,844714600,95868830649,210125598285,20208626,류준열
16683075998.8485,440536500,66715881300,550541507962,20111862,조덕제
8139421885.7143,465532500,26119699000,56975953200,10061873,정세형
772483500.0000,772483500,772483500,772483500,20280629,김광석
11875303567.3846,1137666247,46593140500,154378946376,20111976,유연석
26660334264.2000,243405000,66372140706,133301671321,10035775,최진리
10677273678.4667,599122500,43484892913,160159105177,10071140,차승원
25489265997.0000,2750311500,88908642769,203914127976,20163035,이엘
26051666498.3448,273120000,110933981730,755498328452,10090290,황정민
19433234795.4286,2869918500,50510565168,136032643568,10037229,송중기
19238221159.2000,7591008500,50510565168,96191105796,10036685,소지섭
6490199696.9000,309575000,18390012500,64901996969,10053782,유승호
11990707878.0000,11990707878,11990707878,11990707878,20280309,정준
367328500.0000,367328500,367328500,367328500,10062233,정준
5902350343.0000,3443753000,11515559845,23609401372,10001669,고아라
699213000.0000,439400000,999160000,2097639000,10005646,김정훈
14794477000.0000,311840500,40328508500,44383431000,10067476,조혜진
13844624000.0000,13844624000,13844624000,13844624000,20127612,김석훈
1157502433.3333,327192000,1897970000,3472507300,10004499,김석훈
12178050880.1500,262191500,52355568637,243561017603,10072210,최무성
3978495129.0000,3978495129,3978495129,3978495129,20280110,"코스모 자비스"
3978495129.0000,3978495129,3978495129,3978495129,20280109,"조 우드콕"
8018030321.4000,4138207515,13049026745,40090151607,10088450,허준석
9565299856.8125,392591200,26119699000,153044797709,10066805,조은지
4646421433.3333,1123934000,11664597600,13939264300,10007486,남궁민
20392518000.0000,20392518000,20392518000,20392518000,10028886,박시후
17668196520.0000,2673832500,37654858000,88340982600,10071183,차인표
14040269949.8750,656849000,35566892800,112322159599,20129449,김현수
511204350.0000,418376200,604032500,1022408700,10072399,최수종
13014285242.0000,2452368566,25937216000,39042855726,10006964,나영희
17279364287.2222,844714600,43484892913,155514278585,10004577,김성령
41107906500.0000,1190809000,81025004000,82215813000,10028603,근휘
30661997206.4000,599122500,56445023256,153309986032,20279329,김기정
5018809722.0000,297957300,9739662144,10037619444,20279249,주문수
7010197126.0000,7010197126,7010197126,7010197126,20186700,정대곤
6204129964.0000,6204129964,6204129964,6204129964,20262849,홍수민
739789500.0000,739789500,739789500,739789500,20125819,박진영
297957300.0000,297957300,297957300,297957300,10077507,"스티븐 마커스"
297957300.0000,297957300,297957300,297957300,10016949,"로버트 카버너"
2268120250.0000,1313457500,3222783000,4536240500,10006368,김혜나
60058967738.4000,3357912530,93665632500,300294838692,20125794,김수현
10463864360.3125,522848900,40328508500,167421829765,10040665,신하균
11944268059.0690,216276800,77319445264,346383773713,10028773,박성웅
11793168277.4000,759481000,31225419792,117931682774,10001656,고수
3683228126.8889,363240500,9072737842,33149053142,20111504,이성재
8944762142.9048,426257300,52355568637,187840005001,10019067,류승범
3725870083.3333,1185999000,7874566500,22355220500,10060065,장근석
362910000.0000,362910000,362910000,362910000,10000709,강수연
3837152000.0000,3837152000,3837152000,3837152000,10030295,백봉기
29836024827.0000,1738293033,115706188137,149180124135,20209526,도경수
8295212750.0000,595238500,15995187000,16590425500,10050144,"오다기리 죠"
1137666247.0000,1137666247,1137666247,1137666247,20166905,최민우
22056966500.0000,22056966500,22056966500,22056966500,10055399,이문수
250534000.0000,250534000,250534000,250534000,20134461,박정수
11220408500.0000,11220408500,11220408500,11220408500,20134463,박정수
33304837056.3333,8952096578,93042352648,199829022338,20174763,최우식
7099130142.8571,3309177500,13200412500,49693911000,10066745,아용주
15739386249.2143,2139360500,43488814535,220351407489,10062025,정우성
7021260391.0000,1246200228,10494768945,21063781173,20143233,권용덕
511579300.0000,511579300,511579300,511579300,20129731,김현지
14293019085.0000,599122500,43488814535,71465095425,20277569,정준용
11363125776.4839,531276500,44092710000,352256899071,10055414,이미도
11122265805.8333,844714600,63783051326,200200784505,10005749,김주혁
30031844202.3269,285969000,115706188137,1561655898521,10050151,오달수
20772740015.4000,470675000,66715881300,415454800308,10029474,박해일
1998758263.1250,217973600,8096052500,15990066105,10029636,반민정
6875921704.4545,1728722300,21968680600,75635138749,10005064,김옥빈
15476710846.2778,230047000,88908642769,278580795233,10040874,심은경
28834863777.2174,230047000,135753322310,663201866876,10019065,류승룡
16200710174.5000,811844000,56445023256,64802840698,20112212,이준
9370094547.6667,439840592,35211229991,84330850929,10004236,김민희
28195703032.3333,3319505433,77319445264,84587109097,20112032,박종환
17281196926.3750,253673000,63783051326,138249575411,10088975,현빈
22725558236.3333,11765293500,35566892800,68176674709,10058906,임현성
21393452647.0000,21393452647,21393452647,21393452647,10078840,"킴 베이싱어"
9494841056.1500,220051200,55069686503,189896821123,10055581,이범수
6254393835.5000,3983748800,8525038871,12508787671,10062267,정지훈
9084123320.1818,1258000500,44092710000,99925356522,10049852,염정아
24064494313.6250,1020724600,110933981730,192515954509,10005297,김윤진
4732531159.5000,1020724600,8444337719,9465062319,20171680,옥택연
7089973250.0000,5858771500,8321175000,14179946500,20181573,이재윤
24843986855.8000,273384900,98463522781,621099671395,10005383,김의성
3319505433.0000,3319505433,3319505433,3319505433,20276689,박건도
881663400.0000,881663400,881663400,881663400,20276710,안은새
881663400.0000,881663400,881663400,881663400,20276709,윤안나
1090835800.0000,1090835800,1090835800,1090835800,20276569,하룡이
2066209750.0000,217973600,7024070500,12397258500,20163336,이찬호
27644868851.5000,220051200,55069686503,55289737703,20276429,김정철
17422181099.7273,363240500,115706188137,191643992097,10006171,김하늘
36420653029.2500,5234303336,115706188137,145682612117,10062378,정해균
1930905564.0000,1930905564,1930905564,1930905564,20233806,김민석
6134691926.3333,2956397623,8060591287,18404075779,20218482,강현구
14016473790.6667,387323000,66715881300,462543635092,10054493,윤제문
6081889146.3846,391554441,31313568795,79064558903,10054008,유지태
13343743959.6667,5054757395,23563705686,40031231879,20191086,정소민
27248705990.0000,27248705990,27248705990,54497411980,10063927,"제인 폰다"
25481473911.2500,3319505433,82871781800,101925895645,20171222,임시완
8240750705.4444,217269000,23790276987,74166756349,10004028,김래원
7532783869.8000,1651122533,17653752500,75327838698,10061252,전도연
16838975699.6667,4159767500,28638460100,50516927099,20185376,이민호
1336283100.0000,781692500,1890873700,2672566200,20169728,박산다라
3926917300.0000,3926917300,3926917300,3926917300,20132268,김유라
1095301000.0000,1095301000,1095301000,1095301000,20274869,최원석
14040200699.6774,440536500,105169264250,435246221690,20136191,배성우
6507425173.7778,237013700,27446302382,117133653128,10054391,윤여정
8330342500.0000,8330342500,8330342500,8330342500,20121742,윤두준
31786860561.3571,1928502500,135753322310,445016047859,10072251,최민식
23303988239.2857,1159253000,88908642769,326255835350,10055626,이병헌
7989665617.5000,347980800,16155829131,31958662470,20238986,오상철
340297960.0000,340297960,340297960,340297960,20213908,이서연
28300658700.0000,531276500,66014775400,113202634800,10057469,이준기
2641412500.0000,2641412500,2641412500,2641412500,10026661,문메이슨
2332085500.0000,274134500,4441859000,9328342000,10001825,고현정
16706594116.0000,2297005000,35489666466,50119782348,10003496,김갑수
8873205787.3636,531276500,56322098349,97605263661,10054204,윤계상
22066928181.1750,235292500,135753322310,882677127247,10067353,조진웅
4438056884.2941,274134500,17695683795,75446967033,20067819,서영화
1004224958.4000,365477200,2673832500,5021124792,10037099,송선미
3034395600.0000,227941500,6931136500,18206373600,10057386,이종수
21397934721.0909,308882000,105169264250,235377281932,10062050,정웅인
11578478560.6154,934380300,52355568637,150520221288,10087518,한석규
16155829131.0000,16155829131,16155829131,16155829131,20187986,이재준
14948045808.0000,1977196563,39380162179,59792183232,20147110,변요한
25251113145.1000,748936684,115706188137,505022262902,10060043,장광
12130521180.4444,459220000,34222160500,109174690624,10005839,김지영
18094175795.0000,18094175795,18094175795,18094175795,20268349,민진웅
9110536479.9167,309575000,33986449500,109326437759,10005251,김유정
1930905564.0000,1930905564,1930905564,1930905564,20238867,여이레
16794256203.0370,303851500,66715881300,453444917482,10053771,유승목
25724826959.3333,220051200,82871781800,231523442634,10004995,김영애
43353617139.0000,830984100,66715881300,260121702834,10030016,배두나
8882181256.0000,8882181256,8882181256,8882181256,20268129,서하늬
426257300.0000,426257300,426257300,426257300,20267971,이상진
32420011261.5000,4243936350,61270079831,129680045046,20238766,김정우
5679349213.0000,2246950339,9111748087,11358698426,20196230,이지은
23130188893.0000,23130188893,23130188893,23130188893,20267777,이연수
23130188893.0000,23130188893,23130188893,23130188893,20166146,김진희
11688382888.0000,11688382888,11688382888,11688382888,20197831,김지혜
3948158400.0000,3948158400,3948158400,3948158400,20267582,김예지
418376200.0000,418376200,418376200,418376200,20246331,김영화
23130188893.0000,23130188893,23130188893,23130188893,20267634,김승아
4751661400.0000,4751661400,4751661400,4751661400,20227228,김민지
4367582379.0000,4367582379,4367582379,4367582379,20267511,김다율
55069686503.0000,55069686503,55069686503,55069686503,20267510,김희진
20126261981.2000,459220000,115706188137,301893929718,10071209,차태현
31476897054.8000,931460100,115706188137,314768970548,10069179,주지훈
32757008090.5000,4243936350,61270079831,65514016181,10073030,"츠루미 신고"
9030723900.0000,969489100,33986449500,72245791200,20166542,송요셉
25914519400.0000,369339300,82871781800,103658077600,20069196,김동현
9111748087.0000,9111748087,9111748087,9111748087,20194086,정문구
745801200.0000,745801200,745801200,745801200,20266269,이소영
28531736782.0000,20996302500,36067171064,57063473564,20159658,최우성
9575869642.0000,6102712539,13049026745,19151739284,20132262,조수정
3380895769.5000,659079000,6102712539,6761791539,20165496,이지수
6102712539.0000,6102712539,6102712539,6102712539,20265974,이정주
17718699499.0000,17718699499,17718699499,17718699499,20223787,이성용
6102712539.0000,6102712539,6102712539,6102712539,20154551,윤수현
2953231959.6667,459566121,7801007258,8859695879,20259119,양희정
6102712539.0000,6102712539,6102712539,6102712539,20265670,신민수
28854455532.0000,21641740000,36067171064,57708911064,20156696,박선희
36067171064.0000,36067171064,36067171064,36067171064,20203671,박기태
6102712539.0000,6102712539,6102712539,6102712539,20233027,김태훈
33052166032.0000,30037161000,36067171064,66104332064,20198409,김태현
36067171064.0000,36067171064,36067171064,36067171064,20265390,김태영
3541402400.0000,3541402400,3541402400,3541402400,20198347,김태영
6102712539.0000,6102712539,6102712539,6102712539,20227408,김지은
36067171064.0000,36067171064,36067171064,36067171064,20227374,김정훈
36067171064.0000,36067171064,36067171064,36067171064,20265275,김재민
36067171064.0000,36067171064,36067171064,36067171064,20265242,김영준
28265564018.5000,20463956973,36067171064,56531128037,20227274,김승배
1713226250.0000,676141000,2750311500,3426452500,20156164,김소연
36067171064.0000,36067171064,36067171064,36067171064,20265218,김선형
3215588500.0000,3215588500,3215588500,3215588500,20265217,강호철
3215588500.0000,3215588500,3215588500,3215588500,20265216,윤아영
61361637893.6667,2749609100,98463522781,184084913681,20153620,심희섭
369339300.0000,369339300,369339300,369339300,20179003,김동현
36067171064.0000,36067171064,36067171064,36067171064,20265148,김동우
3277082290.3333,459566121,7828891800,9831246871,20142517,김기현
1221713500.0000,1221713500,1221713500,1221713500,20265109,김강산
1181398875.0000,273950500,2586052500,4725595500,20199448,김희정
26167885819.5385,4754763118,56598333057,340182515654,20200886,김대명
5383211020.0000,459566121,10478875438,21532844080,20209286,최민호
208911200.0000,208911200,208911200,208911200,20264029,이윤혁
251176500.0000,251176500,251176500,251176500,20263612,황진호
56445023256.0000,56445023256,56445023256,56445023256,20263439,홍의권
251176500.0000,251176500,251176500,251176500,20263434,홍민혜
4200064879.0000,599122500,7801007258,8400129758,20263454,홍대영
4200064879.0000,599122500,7801007258,8400129758,20263453,홍광표
4200064879.0000,599122500,7801007258,8400129758,20262404,한명철
55069686503.0000,55069686503,55069686503,55069686503,20262469,한비
4200064879.0000,599122500,7801007258,8400129758,20262389,최한기
8581442100.0000,8581442100,8581442100,8581442100,20158571,장혁진
4200064879.0000,599122500,7801007258,8400129758,20261929,최은식
357963117.0000,357963117,357963117,357963117,20152980,김상현
56445023256.0000,56445023256,56445023256,56445023256,20261569,최시형
340297960.0000,340297960,340297960,340297960,20261488,최승혁
326980700.0000,326980700,326980700,326980700,20261454,최고야
4200064879.0000,599122500,7801007258,8400129758,10070254,지현준
340297960.0000,340297960,340297960,340297960,20261289,주재윤
2258422445.0000,2258422445,2258422445,2258422445,20261237,조혜원
326980700.0000,326980700,326980700,326980700,20260737,이윤호
33814160802.0000,599122500,93042352648,101442482406,20226037,이윤상
1148146700.0000,1148146700,1148146700,1148146700,20243909,이유리
230206600.0000,230206600,230206600,230206600,20260731,이예은
12659065000.0000,12659065000,12659065000,12659065000,20161297,이신우
695430233.3333,209955500,1411607500,2086290700,10039724,승리
343141800.0000,230206600,456077000,686283600,10056248,이승연
2258422445.0000,2258422445,2258422445,2258422445,20260655,이수빈
663075600.0000,663075600,663075600,663075600,20260618,이세은
6479356108.5000,6385937880,6572774337,12958712217,20223749,이서연
17081293569.0000,1160035562,61270079831,68325174276,20254090,이상희
7548863510.2000,363098800,26119699000,37744317551,20150929,이상미
4200064879.0000,599122500,7801007258,8400129758,20260534,이문형
4200064879.0000,599122500,7801007258,8400129758,20260489,이덕형
251176500.0000,251176500,251176500,251176500,20260478,이규희
737604500.0000,302239000,1172970000,1475209000,10054829,이광기
884934300.0000,884934300,884934300,884934300,20260469,윤효진
11897058200.0000,2297005000,19967462500,35691174600,10054593,윤혜진
663075600.0000,663075600,663075600,663075600,20260369,유지현
6269372480.6429,237013700,25437192500,87771214729,10053981,유준상
7553381937.3636,255508579,29894157890,83087201311,10066929,조재현
5166105685.7143,369339300,23831958600,36162739800,10004823,김승우
