title,DICD,total_profit,Name
"너는 펫",10027799,3810103000,민병우
"역전의 명수",20113788,3222783000,임왕태
"고死 두 번째 이야기: 교생실습",20187952,5802318000,김진황
초능력자,10058151,15374798000,이형석
"우아한 세계",10057572,6161685500,이지원
주홍글씨,10057572,6648786000,이지원
서울역,10030203,1160035562,배윤호
연평해전,10054821,45566111330,이공희
"맨발의 꿈",20153039,2372206500,장희민
"펜트하우스 코끼리",20153039,1077451000,장희민
건축학개론,20192386,30220536000,조현철
스페어,20112545,287654500,김진원
"돌이킬 수 없는",10065915,465532500,조성규
여배우들,10065915,3776407000,조성규
집행자,10065915,2935796000,조성규
부산,10065915,1172970000,조성규
"이태원 살인사건",10065915,3978029000,조성규
10억,10065915,3107403000,조성규
"거북이 달린다",10065915,20618276000,조성규
키친,10065915,931460100,조성규
"로맨틱 아일랜드",10065915,1006594000,조성규
비몽,10065915,595238500,조성규
"멋진 하루",10065915,2586052500,조성규
"영화는 영화다",10065915,8967441000,조성규
리얼,10057277,3357912530,이정섭
"로맨틱 아일랜드",10057277,1006594000,이정섭
바보,10057277,6306680500,이정섭
가면,10057277,2139483000,이정섭
최강로맨스,10057277,6931136500,이정섭
아랑,10057277,5726173700,이정섭
"사랑을 놓치다",10057277,2961381000,이정섭
경주,10060143,470675000,장률
"한여름의 판타지아",10060025,285388958,장건재
"방황하는 칼날",10057331,7828891800,이정호
베스트셀러,10057331,7983184500,이정호
"용서는 없다",10057331,8597290000,이정호
"슈퍼맨이었던 사나이",10057331,3642176500,이정호
"좋지 아니한가",10057331,1849140000,이정호
"흡혈형사 나도열",10057331,9693558300,이정호
령,10057331,3554937000,이정호
무적자,10050630,11629780500,오우삼
싸움,10050570,2195870500,오영두
황진이,10050570,7763409000,오영두
한반도,10050570,20597497600,오영두
무영검,10050570,3306109500,오영두
"달마야, 서울 가자",10050570,4469579500,오영두
곡성,20113602,55863520382,김의석
가시,10005808,1095301000,김중현
"가족의 탄생",10005808,1220941000,김중현
"라스트 갓파더",10040912,18511991000,심형래
디워,10040912,49340084700,심형래
의뢰인,10036874,17797131500,손영성
극장전,10036874,262191500,손영성
가족,10028506,8051239500,박기용
가족,10028506,1073144500,박기용
대호,20207326,13489904632,김은진
"다이노 타임",20207326,2108596800,김은진
군함도,10019069,50510565168,류승완
베테랑,10019069,105169264250,류승완
베를린,10019069,52355568637,류승완
평양성,10019069,12684530500,류승완
부당거래,10019069,20996302500,류승완
해결사,10019069,13844624000,류승완
다찌마와리,10019069,4114057000,류승완
짝패,10019069,6585188500,류승완
"주먹이 운다(Crying Fist)",10019069,9322812000,류승완
"아라한 장풍대작전",10019069,5207878000,류승완
다찌마와리,10019069,4114057000,류승완
응징자,10005544,1388412500,김정구
"결정적 한방",10005544,439400000,김정구
커플즈,10005544,2705566500,김정구
"죽이고 싶은",10005544,952555500,김정구
"개를 훔치는 완벽한 방법",10004652,2329754965,김성호
"검은 집",10004652,8842295700,김성호
"무서운 이야기 2",10004652,3393767500,김성호
길위에서,10004626,361603500,김성준
"더 테너 리리코 스핀토",10004407,391554441,김상만
"마담 뺑덕",10004407,3728980590,김상만
고지전,10004407,21968680600,김상만
"심야의 F.M.",10004407,9179188500,김상만
파주,10004407,969489100,김상만
걸스카우트,10004407,1545587500,김상만
"그놈 목소리",10004407,17598617600,김상만
조폭마누라3,10004407,8851336500,김상만
중천,10004407,8581442100,김상만
"싸이보그지만 괜찮아",10004407,3983748800,김상만
"구미호 가족",10004407,877984800,김상만
괴물,10004407,64802996000,김상만
괴물,10004407,66715881300,김상만
사생결단,10004407,10934307100,김상만
"맨발의 기봉이",10004407,12239242400,김상만
청연,10004407,3106648400,김상만
태풍,10004407,22209675300,김상만
"6월의 일기",10004407,3645962000,김상만
사랑니,10004407,867603000,김상만
"너는 내 운명",10004407,17653752500,김상만
"이대로, 죽을 순 없다(Short Time)",10004407,4266661500,김상만
"친절한 금자씨",10004407,20483051393,김상만
천군,10004407,5852391000,김상만
"연애의 목적",10004407,9846423390,김상만
"간 큰 가족",10004407,8212961893,김상만
"그때 그 사람들",10004407,5777895500,김상만
"여고괴담 4 : 목소리",10004407,2474641500,김상만
"안녕, 형아",10004407,5614875500,김상만
"혈의 누",10004407,12367486506,김상만
"내 머리 속의 지우개",10004407,11919939500,김상만
분신사바,10004407,3827484000,김상만
"효자동 이발사",10004407,4855872900,김상만
"범죄의 재구성",10004407,6132877000,김상만
"한여름의 판타지아",10000249,285388958,"가와세 나오미"
"바람 바람 바람",20125862,9784385375,이병헌
스물,20125862,23563705686,이병헌
"오늘의 연애",20125862,14924654487,이병헌
"타짜-신의 손",20125862,32373120927,이병헌
"타짜-신의 손",20125862,13217615777,이병헌
"네버엔딩 스토리",20125862,2106823000,이병헌
써니,20125862,54035565100,이병헌
과속스캔들,20125862,53800771400,이병헌
"너의 결혼식",10055945,18044217632,이석근
부라더,10055945,11783109998,이석근
범죄도시,10055945,56322098349,이석근
염력,10049814,7484684112,연상호
서울역,10049814,1160035562,연상호
부산행,10049814,93042352648,연상호
"마이 웨이",20304229,15995187000,김동후
다찌마와리,20304229,4114057000,김동후
짝패,20304229,6585188500,김동후
덕구,20302149,2378021700,방수인
"뷰티풀 선데이",20302149,1123934000,방수인
"왕의 남자",20302149,66014775400,방수인
"달마야, 서울 가자",20302149,4469579500,방수인
걷기왕,10030331,710905075,백승화
게이트,20111176,821271100,신재호
대결,20111176,251176500,신재호
치외법권,20111176,2664941005,신재호
응징자,20111176,1388412500,신재호
"4교시 추리영역",20111176,459533500,신재호
"못말리는 결혼",20111176,7712339500,신재호
"내사랑 싸가지",20111176,1836153500,신재호
"남자가 사랑할 때",20308491,14510222300,조재원
"남자가 사랑할 때",20308490,14510222300,최지현
"극장판 헬로카봇 : 백악기 시대",20306433,6538927100,김진철
"극장판 헬로카봇 : 백악기 시대",20306533,6538927100,최신규
"뷰티풀 선데이",10070411,1123934000,진광교
1987,20299130,58167040145,옥대훈
순정만화,20123666,4682641000,손미
신기전,20142869,24326346000,장권호
신기전,20142869,4926508500,장권호
복숭아나무,10002274,240262112,구혜선
순정만화,10019097,4682641000,류장하
"꽃피는 봄이 오면",10019097,3201626000,류장하
"저수지 게임",20286802,985725100,방성준
"더 플랜",20286802,263526895,방성준
"그날, 바다",20302876,4445790528,김지영
희생부활자,10001931,2515479835,곽경택
극비수사,10001931,22389535897,곽경택
"친구 2",10001931,21804687513,곽경택
미운오리새끼,10001931,285969000,곽경택
통증,10001931,5246996000,곽경택
"킹콩을 들다",10001931,8851802500,곽경택
"눈에는 눈 이에는 이",10001931,13287054000,곽경택
사랑,10001931,13446137500,곽경택
태풍,10001931,22209675300,곽경택
챔피언,10001931,9471138230,곽경택
"점박이:한반도의 공룡3D",10027802,9621468000,민병천
"광해, 왕이 된 남자",20144326,88908642769,이란희
"웰컴 투 동막골",20144326,40328508500,이란희
결혼전야,20144326,8444337719,이란희
"우리별 일호와 얼룩소",10060635,292031500,장형윤
"B형 남자친구",10060635,7324579000,장형윤
귀여워,10060635,327192000,장형윤
가루지기,10027781,1777803000,민동현
사과,10027781,384127000,민동현
"싸움의 기술",10027781,7330992000,민동현
"더 테러 라이브",10004291,39869706381,김병우
"더 테이블",10005660,830973100,김종관
"최악의 하루",10005660,505103590,김종관
상의원,20128390,6204129964,이원석
남자사용설명서,20128390,3606654257,이원석
오감도,20128390,3074373500,이원석
아들,20306729,2886902500,김봉주
"스승의 은혜",20188935,3474239000,박채원
"성실한 나라의 앨리스",20113564,349943500,탁도연
마녀,20183059,27242041463,곽기봉
"은밀하게 위대하게",20186285,48700887413,유재선
"불한당: 나쁜 놈들의 세상",20156200,7674017125,윤준희
럭키,20156200,56445023256,윤준희
비상,20156200,221371000,윤준희
비상,20156200,217973600,윤준희
"그림자 살인",20156200,12659065000,윤준희
"터널 3D",20150634,620874000,박규택
귀향,20150634,27248705990,박규택
시,20152055,1542788950,유은정
26년,20112890,21242367145,오성윤
"마당을 나온 암탉",20112890,14670355000,오성윤
"마당을 나온 암탉",20133631,14670355000,박재인
"지금 만나러 갑니다",20280830,20800916128,이장훈
치즈인더트랩,10005652,1890873700,김제영
"날, 보러와요",10005652,8836144063,김제영
"미쓰 와이프",10005652,7387086869,김제영
"밤의 여왕",10005652,1762892500,김제영
"원더풀 라디오",10005652,7255598000,김제영
"예의없는 것들",10005652,4326582400,김제영
"예의없는 것들",10005652,4886772800,김제영
살인소설,10005905,392591200,김진묵
타짜,10005905,36181314700,김진묵
"작업의 정석",10005905,11706585100,김진묵
새드무비,10005905,5628200500,김진묵
"죽이고 싶은",10066770,952555500,조원희
소공녀,20112542,472553700,전고운
"범죄의 여왕",20112542,326980700,전고운
"굿바이 싱글",20112542,16912706195,전고운
돌연변이,20112542,748936684,전고운
전국노래자랑,20112542,6687636000,전고운
"범죄의 여왕",20186944,326980700,정희재
"내 깡패 같은 애인",20186944,5028497000,정희재
"내 사랑 내 곁에",20186944,15584755500,정희재
"무서운 이야기 3 : 화성에서 온 소녀",20186944,784148500,정희재
"아이 캔 스피크",20216655,25539734986,이수민
박열,20216655,18094175795,이수민
"임금님의 사건수첩",20216655,12651193723,이수민
걷기왕,20216655,710905075,이수민
"남과 여",20216655,1651122533,이수민
미쓰GO,20216655,4441859000,이수민
도가니,20216655,35566892800,이수민
"나는 아빠다",20216655,1246420500,이수민
"쓰리 썸머 나잇",10058886,616132846,임필성
"마담 뺑덕",10058886,3728980590,임필성
"헨젤과 그레텔",10058886,1970260500,임필성
남극일기,10058886,5478113500,임필성
"잡아야 산다",20188088,415009400,오인천
소녀괴담,20188088,3554806054,오인천
곡성,10007437,55863520382,나홍진
황해,10007437,17497165500,나홍진
추격자,10007437,33986449500,나홍진
인랑,10005852,6994722173,김지운
밀정,10005852,61270079831,김지운
밀정,10005852,4243936350,김지운
"악마를 보았다",10005852,13403595000,김지운
"악마를 보았다",10005852,13919416500,김지운
"달콤한 인생",10005852,7233790500,김지운
"인류멸망 보고서",10005852,704635000,김지운
히말라야,10055965,60175111015,이석훈
"해적: 바다로 간 산적",10055965,58960630706,이석훈
"해적: 바다로 간 산적",10055965,66372140706,이석훈
"뜨거운 안녕",10055965,315291000,이석훈
댄싱퀸,10055965,30130610500,이석훈
"두 얼굴의 여친",10055965,4586849000,이석훈
"방과후 옥상",10055965,4817252500,이석훈
"내부자들: 디 오리지널",20111283,16973885275,우민호
내부자들,20111283,56598333057,우민호
간첩,20111283,9316548500,우민호
"파괴된 사나이",20111283,7683092100,우민호
검사외전,10057103,77319445264,이일형
"군도: 민란의 시대",10057103,36985578499,이일형
"마이 웨이",10057103,15995187000,이일형
"비스티 보이즈",10057103,4785467000,이일형
택시운전사,10060674,95868830649,장훈
고지전,10060674,21968680600,장훈
의형제,10060674,40153729000,장훈
"영화는 영화다",10060674,8967441000,장훈
빈집,10060674,456077000,장훈
신부수업,10060674,4255397500,장훈
사마리아,10060674,285182500,장훈
"신과함께-인과 연",10005151,101795673609,김용화
"신과함께-죄와 벌",10005151,115706188137,김용화
"미스터 고",10005151,9337976000,김용화
"마이 웨이",10005151,15995187000,김용화
"국가대표 완결판-못 다한 이야기",10005151,2647781500,김용화
국가대표,10005151,57570773000,김용화
"미녀는 괴로워",10005151,36292848900,김용화
해빙,10056147,9905406822,이수연
"님아, 그 강을 건너지 마오",20187247,37356780079,박혁지
괴물,10061773,64802996000,정보서
괴물,10061773,66715881300,정보서
"가문의 영광4 - 가문의 수난",20157100,17792219500,정유원
"바람과 함께 사라지다",10026426,33243273161,모지은
"바람과 함께 사라지다",10026426,34614661161,모지은
아랑,10026426,5726173700,모지은
"화이트: 저주의 멜로디",10003598,5587166000,김곡
"무서운 이야기 3 : 화성에서 온 소녀",10003598,784148500,김곡
"무서운 이야기",10003598,2452368566,김곡
사마리아,20305731,285182500,이정향
사마리아,20240711,285182500,최유정
사마리아,20240710,285182500,노혜지
사마리아,20240709,285182500,신지수
집행자,10050404,2935796000,오석근
"목숨 건 연애",10037076,363098800,송민규
"마이 웨이",10037076,15995187000,송민규
"슈퍼스타 감사용",10037076,4073017000,송민규
"태극기 휘날리며",10037076,15687180500,송민규
올레,20211226,522848900,채두병
"당신이 잠든 사이에",10054393,447691500,윤여창
"블랙 가스펠",20112797,367328500,김성권
회복,20112797,1110827000,김성권
신기전,20112797,24326346000,김성권
신기전,20112797,4926508500,김성권
고지전,20140497,21968680600,김지연
"킹콩을 들다",20140497,8851802500,김지연
"더 게임",20140497,9807963501,김지연
"마을금고 연쇄습격사건",20140497,728085000,김지연
"플라이 대디",20140497,2558112300,김지연
"방과후 옥상",20140497,4817252500,김지연
"댄서의 순정",20140497,11674131000,김지연
"제니, 주노",20140497,1283847500,김지연
레슬러,10001939,6481379657,곽기혁
뫼비우스,20208686,255508579,번가남
"기억의 밤",10060606,10653271160,장항준
"끝까지 간다",10060606,27007303900,장항준
"귀신이 산다",10060606,11898748500,장항준
꾼,20148100,31313568795,장창원
평양성,20148100,12684530500,장창원
"반가운 살인자",20148100,4285830500,장창원
"님은 먼 곳에",20148100,11200872500,장창원
"즐거운 인생",20148100,7874566500,장창원
"라디오 스타",20148100,9860797500,장창원
"왕의 남자",20148100,66014775400,장창원
미옥,10056570,1930905564,이안규
"악마를 보았다",10056570,13403595000,이안규
"악마를 보았다",10056570,13919416500,이안규
"구르믈 버서난 달처럼",10056570,10241690500,이안규
"달콤한 인생",10056570,7233790500,이안규
"두 개의 문",10087658,488796800,한영희
"그래, 가족",10021332,350293300,마대윤
덕혜옹주,10021332,44068865409,마대윤
덕혜옹주,10021332,44395967609,마대윤
"더 폰",10021332,12309164568,마대윤
"탐정 : 더 비기닝",10021332,20463956973,마대윤
"방황하는 칼날",10021332,7828891800,마대윤
간첩,10021332,9316548500,마대윤
10억,10021332,3107403000,마대윤
눈길,10021332,976008100,마대윤
프리즌,10007424,23790276987,나현
"미안해 사랑해 고마워",10007424,359247800,나현
"남쪽으로 튀어",10007424,5970851500,나현
"마이 웨이",10007424,15995187000,나현
"마당을 나온 암탉",10007424,14670355000,나현
"그 남자의 책 198쪽",10007424,587173500,나현
"우리 생애 최고의 순간",10007424,26119699000,나현
"화려한 휴가",10007424,44098470600,나현
돌려차기,10007424,253673000,나현
"목포는 항구다",10007424,2673832500,나현
화장,10054185,1074486100,육상효
"강철대오:구국의 철가방",10054185,1614867156,육상효
"방가? 방가!",10054185,7013842000,육상효
"여자, 정혜",10054185,273120000,육상효
"달마야, 서울 가자",10054185,4469579500,육상효
형,10072147,23130188893,최낙권
"좋은 친구들",10072147,3222101031,최낙권
역린,10072147,29894157890,최낙권
"마이 리틀 히어로",10072147,1302907128,최낙권
"퍼펙트 게임",10072147,11220408500,최낙권
"두뇌유희프로젝트, 퍼즐",10072147,1450490000,최낙권
해어화,10061405,3768200759,전윤수
"미안해 사랑해 고마워",10061405,359247800,전윤수
"내 심장을 쏴라",10061405,2856859132,전윤수
미인도,10061405,15655329500,전윤수
식객,10061405,18979312500,전윤수
파랑주의보,10061405,1453890000,전윤수
소공녀,20305389,472553700,안지영
빈집,20305250,456077000,신현진
"더 킹",20124455,43488814535,안형혜
하녀,10026500,17038639000,모현신
"우리 학교",20214911,210875100,박소현
"두 개의 문",10005439,488796800,김일란
우리들,20285289,340297960,이효정
우리들,20263469,340297960,홍유라
"끝과 시작",20276149,274964000,정현정
비밀,10028514,369339300,박기형
"살인자의 기억법",20303891,21375287492,전승표
1987,10060507,58167040145,장준환
"화이: 괴물을 삼킨 아이",10060507,17695683795,장준환
"리틀 포레스트",10058650,11924818185,임순례
글로리데이,10058650,1486835668,임순례
제보자,10058650,13515762802,임순례
"남쪽으로 튀어",10058650,5970851500,임순례
"우리 생애 최고의 순간",10058650,26119699000,임순례
침묵,10062256,3930219264,정지우
4등,10062256,284073700,정지우
은교,10062256,9917948044,정지우
이끼,10062256,25437192500,정지우
모던보이,10062256,4992149500,정지우
사랑니,10062256,867603000,정지우
강철비,20167784,35489666466,양우석
변호인,20167784,82871781800,양우석
"1724 기방난동사건",10049723,1897970000,여균동
소셜포비아,20237246,1977196563,조현민
스파이,20155828,24509278305,임상수
"오싹한 연애",20155828,22010977000,임상수
"범죄의 여왕",20249882,326980700,부은주
소셜포비아,20204065,1977196563,이준필
사냥,20186154,4912658515,오원재
"내 심장을 쏴라",20080184,2856859132,백승빈
"무서운 이야기 3 : 화성에서 온 소녀",20080184,784148500,백승빈
보안관,20191706,20844488409,이윤미
조선마술사,20191706,4650016527,이윤미
"그대를 사랑합니다",20289829,12042571000,이우석
형,20235810,23130188893,이제욱
극비수사,20235810,22389535897,이제욱
"말하는 건축가",10062188,307694700,정재은
태풍태양,10062188,304884500,정재은
대립군,10062089,6276963402,정윤철
그랜드파더,10062089,230206600,정윤철
"내 심장을 쏴라",10062089,2856859132,정윤철
"슈퍼맨이었던 사나이",10062089,3642176500,정윤철
"좋지 아니한가",10062089,1849140000,정윤철
말아톤,10062089,26284943000,정윤철
"범죄의 여왕",10006078,326980700,김태곤
"굿바이 싱글",10006078,16912706195,김태곤
연리지,10006078,696954300,김태곤
"아기와 나",20111288,2641412500,유영식
"죽여주는 여자",20111288,884934300,유영식
"국가대표 2",20111288,5474392042,유영식
"성실한 나라의 앨리스",20111288,349943500,유영식
소셜포비아,20111288,1977196563,유영식
"화이트: 저주의 멜로디",20111288,5587166000,유영식
"좋지 아니한가",20111288,1849140000,유영식
오감도,20111288,3074373500,유영식
레슬러,20287367,6481379657,김대웅
리턴,10043285,4271865500,"안드레이 즈비아긴체프"
바람,20142402,746323500,백미영
하루,20166880,9072737842,장우진
무영검,20159361,3306109500,오정민
"기다리다 미쳐",10062136,2865110500,정인봉
범죄도시,20135271,56322098349,강윤성
"슈퍼 프렌즈",20111323,663075600,이경호
"코알라 키드 : 영웅의 탄생",20111323,1439227500,이경호
파이스토리,20111323,1306030500,이경호
초능력자,10004184,15374798000,김민석
"달콤한 인생",10004184,7233790500,김민석
"R2B: 리턴투베이스",10003972,8525038871,김동원
"유감스러운 도시",10003972,10289635500,김동원
투사부일체,10003972,31959686000,김동원
사과,10036855,384127000,손수범
"다이노X 탐험대",20234026,641289900,이동희
"로마의 휴일",20111036,993321176,이덕희
창수,20111036,3146542000,이덕희
"시간위의 집",10058504,1020724600,임대웅
"스승의 은혜",10058504,3474239000,임대웅
"무서운 이야기",10058504,2452368566,임대웅
"비정규직 특수요원",10003883,1150732700,김덕수
"아빠를 빌려드립니다",10003883,1190329500,김덕수
"이장과 군수",10003883,7594186000,김덕수
"작업의 정석",10003883,11706585100,김덕수
"여선생 VS 여제자",10003883,5265267506,김덕수
대배우,20122507,1246200228,석민우
"악마를 보았다",20122507,13403595000,석민우
"악마를 보았다",20122507,13919416500,석민우
박쥐,20122507,14835559500,석민우
"싸이보그지만 괜찮아",20122507,3983748800,석민우
"친절한 금자씨",20122507,20483051393,석민우
올드보이,20122507,1928502500,석민우
"쓰리 몬스터",20122507,1159253000,석민우
"석조저택 살인사건",10061563,2829106886,정식
미쓰GO,10061563,4441859000,정식
기담,10061563,4124164500,정식
"야수와 미녀",10061563,8378297000,정식
올드보이,10061563,1928502500,정식
"쓰리 몬스터",10061563,1159253000,정식
"무현, 두 도시 이야기",20153728,1519091100,전인환
순정,20140739,1738293033,이은희
"더 폰",20128476,12309164568,김봉주
"시체가 돌아왔다",20128476,7360631000,김봉주
황해,20128476,17497165500,김봉주
"거북이 달린다",20128476,20618276000,김봉주
신기전,20128476,24326346000,김봉주
신기전,20128476,4926508500,김봉주
"B형 남자친구",20128476,7324579000,김봉주
"사랑하기 때문에",10069178,2673489440,주지홍
보통사람,10004369,2956397623,김봉한
원라인,20182346,3319505433,양경모
"터닝메카드W: 블랙미러의 부활",20251869,3215588500,홍헌표
리얼,20254349,3357912530,이사랑
계춘할망,10071587,3599680348,창
표적,10071587,22256769300,창
"고死 : 피의 중간고사",10071587,10204359000,창
사냥,10056854,4912658515,이우철
7광구,10056854,19391653500,이우철
"첼로-홍미주 일가 살인사건",10056854,985067500,이우철
"해피 에로 크리스마스",10056854,459220000,이우철
"널 기다리며",10026501,5234303336,모홍진
"우리 동네",10026501,2463752000,모홍진
"아빠는 딸",20230906,5054757395,김형협
스플릿,10072117,6102712539,최국희
극장전,10072117,262191500,최국희
"탐정: 리턴즈",10056602,26909477678,이언희
"미씽: 사라진 여자",10056602,8882181256,이언희
타이밍,10056602,291240500,이언희
"어깨 너머의 연인",10056602,1974664500,이언희
"해피 에로 크리스마스",10056602,459220000,이언희
...ing,10056602,217269000,이언희
하루,20131018,9072737842,조선호
"더 웹툰: 예고살인",20131018,8537683070,조선호
"홍길동의 후예",20131018,4259705000,조선호
원스어폰어타임,20131018,10136738500,조선호
"소년은 울지 않는다",20131018,601853500,조선호
"김관장 대 김관장 대 김관장",20131018,5575404600,조선호
"특별수사: 사형수의 편지",10002517,9929947065,권종관
"썬데이 서울",10002517,227157000,권종관
새드무비,10002517,5628200500,권종관
"S 다이어리",10002517,7024070500,권종관
"봉이 김선달",10028545,16226580642,박대민
"그림자 살인",10028545,12659065000,박대민
애인,10028545,625824000,박대민
보안관,20131894,20844488409,김형주
"군도: 민란의 시대",20131894,36985578499,김형주
"R2B: 리턴투베이스",20131894,8525038871,김형주
"나는 왕이로소이다",20131894,5454304904,김형주
"달빛 길어올리기",20131894,362910000,김형주
"달콤한 거짓말",20131894,3122965500,김형주
청년경찰,20112387,44382020516,김주환
"조선명탐정 : 각시투구꽃의 비밀",20112387,35841769500,김주환
불량남녀,20112387,3562190000,김주환
"악마를 보았다",20112387,13403595000,김주환
"악마를 보았다",20112387,13919416500,김주환
공조,20128773,63783051326,김성훈
"마이 리틀 히어로",20128773,1302907128,김성훈
사냥,20204507,4912658515,김덕근
조선마술사,20204507,4650016527,김덕근
"바람의 파이터",20148091,8769832000,차준호
"바람의 파이터",20148091,9158945500,차준호
"번개맨과 신비의 섬",20302509,486548700,김지열
"뽀로로 극장판 공룡섬 대모험",20216346,6226832300,박지인
장산범,20216346,10341783083,박지인
군함도,20216346,50510565168,박지인
"바람의 파이터",20302409,8769832000,김영석
"바람의 파이터",20302409,9158945500,김영석
"살인자의 기억법",20302369,21375287492,이승원
용의자,20302369,30037161000,이승원
트럭,20302369,3730899000,이승원
"어깨 너머의 연인",20302369,1974664500,이승원
실미도,10061911,10923920500,정순애
"R2B: 리턴투베이스",20175840,8525038871,최승연
"꿈은 이루어진다",20175840,718090000,최승연
비밀애,10073226,1206812000,"노구치 테루오"
꼭두각시,20124877,227941500,임진승
초능력자,20124877,15374798000,임진승
"브라보 마이 라이프",20124877,460596500,임진승
"못말리는 결혼",20124877,7712339500,임진승
"댄서의 순정",20124877,11674131000,임진승
된장,20206966,334175900,김용운
"그날, 바다",20166532,4445790528,오희정
"더 플랜",20166532,263526895,오희정
플랜맨,20221426,4547866558,김수정
하하하,20221426,428376400,김수정
잠복근무,20221426,9590663500,김수정
"저수지 게임",20285310,985725100,김보람
산상수훈,20281369,335696650,유영의
용의자,20291469,30037161000,김정현
"서서평, 천천히 평온하게",20275649,881663400,홍주연
"R2B: 리턴투베이스",10072715,8525038871,최종구
무도리,10072715,363899000,최종구
리턴,20235306,4271865500,최석원
비밥바룰라,20289230,322062200,이성재
귀향,10043363,27248705990,안선경
"슈퍼 빼꼼: 스파이 대작전",10058661,712734900,임아론
"빼꼼의 머그잔 여행",10058661,559367500,임아론
"서서평, 천천히 평온하게",10007504,881663400,남기웅
"제자, 옥한흠",10004440,366717200,김상철
"역모-반란의 시대",20283069,218173300,김홍선
"반드시 잡는다",20125826,3326439772,김홍선
기술자들,20125826,19894297783,김홍선
공모자들,20125826,7965119500,김홍선
공모자들,20125826,12240964500,김홍선
"뽀로로 극장판 공룡섬 대모험",20167741,6226832300,김현호
"뽀로로 극장판 컴퓨터 왕국 대모험",20167741,3293753700,김현호
"뽀로로 극장판 슈퍼썰매 대모험",20167741,6826959500,김현호
"뽀로로 극장판 눈요정 마을 대모험",20167741,1289929200,김현호
"아이 캔 스피크",10006261,25539734986,김현석
쎄시봉,10006261,13571515911,김현석
열한시,10006261,6097792000,김현석
"시라노; 연애조작단",10006261,19838443000,김현석
스카우트,10006261,1899792000,김현석
"광식이 동생 광태",10006261,12811265009,김현석
자백,20113064,1131393200,김재환
사냥,10005015,4912658515,김영조
응징자,10004904,1388412500,김양희
"원더풀 라디오",10004904,7255598000,김양희
"불꽃처럼 나비처럼",10004904,12302961500,김양희
마파도2,10004904,8362778700,김양희
소원,10004610,18529880600,김성욱
"못말리는 결혼",10004610,7712339500,김성욱
"여선생 VS 여제자",10004610,5265267506,김성욱
속닥속닥,10072304,1900914300,최상훈
백프로,10072304,284106600,최상훈
마음이...,10072304,4639709300,최상훈
마마,10003461,1642407500,"기예르모 델 토로"
"미안해 사랑해 고마워",20155901,359247800,윤정진
"탐정 : 더 비기닝",20155901,20463956973,윤정진
소녀괴담,20155901,3554806054,윤정진
동창생,20155901,7010197126,윤정진
"강철대오:구국의 철가방",20155901,1614867156,윤정진
간첩,20155901,9316548500,윤정진
고지전,20155901,21968680600,윤정진
의형제,20155901,40153729000,윤정진
"영화는 영화다",20155901,8967441000,윤정진
7호실,20211466,2677284639,정혜진
동주,10040499,8870143589,신연식
"개를 훔치는 완벽한 방법",10040499,2329754965,신연식
"배우는 배우다",10040499,811844000,신연식
"아기와 나",20112723,2641412500,손태겸
사랑니,10001439,867603000,고경아
"귀신이 산다",10001439,11898748500,고경아
"신과함께-죄와 벌",20189544,115706188137,최용수
"님아, 그 강을 건너지 마오",20179941,37356780079,진모영
"여고괴담 5",20135785,4158738000,이윤형
"임금님의 사건수첩",20125803,12651193723,문현성
코리아,20125803,13448848500,문현성
7광구,20125803,19391653500,문현성
요가학원,20125803,1927358500,문현성
"화려한 휴가",20125803,44098470600,문현성
"다시 태어나도 우리",20243709,295699943,문창용
애인,10056203,625824000,이숭환
남영동1985,10062253,2358629601,정지영
"부러진 화살",10062253,25937216000,정지영
"신과함께-죄와 벌",10054496,115706188137,윤종석
마린보이,10054496,5503176500,윤종석
"루시드 드림",20122844,759481000,김준성
"넛잡 2",20187750,3069388100,"캘런 브런커"
남한산성,10090050,31225419792,황동혁
"수상한 그녀",10090050,62697419249,황동혁
도가니,10090050,35566892800,황동혁
"마이 파더",10090050,5641848000,황동혁
"아이 캔 스피크",10087180,25539734986,하원준
"뜨거운 안녕",10087180,315291000,하원준
"뚜르: 내 생애 최고의 49일",20215847,208911200,김양래
7호실,20112022,2677284639,이용승
"터닝메카드W: 블랙미러의 부활",20188062,3215588500,김석원
"쩨쩨한 로맨스",10004439,15800299000,김상찬
복면달호,10004439,9008143000,김상찬
"첼로-홍미주 일가 살인사건",10004439,985067500,김상찬
가족,10004439,8051239500,김상찬
가족,10004439,1073144500,김상찬
"안녕! 유에프오",10004439,250534000,김상찬
...ing,10004439,217269000,김상찬
귀향,10066934,27248705990,조정래
파울볼,10066934,235292500,조정래
두레소리,10066934,234535500,조정래
부라더,20110174,11783109998,장유정
"김종욱 찾기",20110174,8208944000,장유정
그물,10003696,426257300,김기덕
"배우는 배우다",10003696,811844000,김기덕
뫼비우스,10003696,255508579,김기덕
피에타,10003696,4355592500,김기덕
풍산개,10003696,5395201500,김기덕
비몽,10003696,595238500,김기덕
"영화는 영화다",10003696,8967441000,김기덕
빈집,10003696,456077000,김기덕
사마리아,10003696,285182500,김기덕
그물,20292035,426257300,서지운
"소중한 날의 꿈",20111258,361431100,안재훈
게이트,10037252,821271100,송창용
"구세주 2",10037252,773088000,송창용
"만남의 광장",10037252,7819284000,송창용
구세주,10037252,10087308700,송창용
"사랑하기 때문에",10090165,2673489440,황승재
국가대표,10090165,57570773000,황승재
"구세주 2",10090165,773088000,황승재
메소드,10029969,216276800,방은진
장수상회,10029969,8737864643,방은진
"집으로 가는 길",10029969,13049026745,방은진
용의자X,10029969,11241013000,방은진
"오로라 공주",10029969,5365343000,방은진
용의자,10029121,30037161000,박재영
"두 개의 문",10089864,488796800,홍지유
"밤의 해변에서 혼자",10089497,439840592,홍상수
지금은맞고그때는틀리다,10089497,664322100,홍상수
"자유의 언덕",10089497,318581827,홍상수
"우리 선희",10089497,530265400,홍상수
"누구의 딸도 아닌 해원",10089497,273384900,홍상수
다른나라에서,10089497,237013700,홍상수
북촌방향,10089497,365477200,홍상수
"옥희의 영화",10089497,281740900,홍상수
하하하,10089497,428376400,홍상수
"잘 알지도 못하면서",10089497,274134500,홍상수
"해변의 여인",10089497,835941500,홍상수
극장전,10089497,262191500,홍상수
"여자는 남자의 미래다",10089497,778685500,홍상수
가면,20290569,2139483000,김성문
"위험한 상견례",20241988,19174920500,하명미
"슈퍼맨이었던 사나이",20241988,3642176500,하명미
로망스,20241988,2376146100,하명미
"마지막 늑대",20241988,303851500,하명미
장산범,20169260,10341783083,허정
숨바꼭질,20169260,39602995500,허정
싱글라이더,20232106,2685519021,이주영
"잡아야 산다",20243869,415009400,이윤호
어느날,10056949,1846581582,이윤기
"남과 여",10056949,1651122533,이윤기
"사랑한다, 사랑하지 않는다",10056949,508658500,이윤기
"멋진 하루",10056949,2586052500,이윤기
"여자, 정혜",10056949,273120000,이윤기
미니특공대X,20186877,745801200,이영준
"파워배틀 와치카 미니카 배틀리그: 불꽃의 질주",20186877,264189420,이영준
"최강전사 미니특공대: 영웅의 탄생",20186877,873320200,이영준
"최강전사 미니특공대 : 새로운 악당의 습격",20186877,1171479200,이영준
"뽀로로 극장판 슈퍼썰매 대모험",20186877,6826959500,이영준
"더 킹",10087712,43488814535,한재림
"특종: 량첸살인기",10087712,4754763118,한재림
관상,10087712,66007533500,한재림
"연애의 온도",10087712,13799922446,한재림
"우아한 세계",10087712,6161685500,한재림
"연애의 목적",10087712,9846423390,한재림
김광석,20191566,772483500,이상호
다이빙벨,20191566,348540500,이상호
"저수지 게임",10072781,985725100,최진성
"더 플랜",10072781,263526895,최진성
"I AM",10072781,245731000,최진성
다세포소녀,10072781,2862391500,최진성
마녀,10071617,27242041463,채길병
노리개,10071617,1229614500,채길병
히트,10071617,783919500,채길병
"그놈 목소리",10071617,17598617600,채길병
"나두야 간다",10071617,1215167500,채길병
"극장판 또봇: 로봇군단의 습격",10055080,1090835800,이달
눈길,20208386,976008100,이나정
"철가방 우수氏",10054571,604032500,윤학렬
"당신이 잠든 사이에",10054571,447691500,윤학렬
"잘못된 만남",10054571,308882000,윤학렬
까불지마,10054571,999160000,윤학렬
공조,10054492,63783051326,윤제균
좋아해줘,10054492,6572774337,윤제균
히말라야,10054492,60175111015,윤제균
국제시장,10054492,110933981730,윤제균
스파이,10054492,24509278305,윤제균
댄싱퀸,10054492,30130610500,윤제균
7광구,10054492,19391653500,윤제균
퀵,10054492,22960890000,윤제균
"내 깡패 같은 애인",10054492,5028497000,윤제균
하모니,10054492,21641740000,윤제균
시크릿,10054492,7957651500,윤제균
해운대,10054492,81025004000,윤제균
"색즉시공 시즌2",10054492,13466476000,윤제균
"1번가의 기적",10054492,15494034100,윤제균
"내 생애 가장 아름다운 일주일",10054492,14710541000,윤제균
"간 큰 가족",10054492,8212961893,윤제균
낭만자객,10054492,312851500,윤제균
"살인자의 기억법",20111284,21375287492,원신연
용의자,20111284,30037161000,원신연
"세븐 데이즈",20111284,13720377000,원신연
구타유발자들,20111284,934380300,원신연
가발,20111284,2816190000,원신연
런닝맨,20288697,10060239500,최봉석
폭풍전야,10067366,387323000,조창호
스파키,10040004,257040200,"아론 우들리"
"조작된 도시",10050399,20143992587,오상호
톱스타,10050399,1194185500,오상호
"자칼이 온다",10050399,1430079500,오상호
백야행,10050399,7121437000,오상호
"카리스마 탈출기",10050399,532419300,오상호
"슈퍼스타 감사용",20138632,4073017000,안재석
"로마의 휴일",20195674,993321176,안용훈
도희야,10040599,830984100,신종훈
"아부의 왕",10040599,3511102500,신종훈
"부러진 화살",10040599,25937216000,신종훈
마린보이,10040599,5503176500,신종훈
"기다리다 미쳐",10040599,2865110500,신종훈
강적,10040599,1956841000,신종훈
"마지막 늑대",10040599,303851500,신종훈
아파트,10040599,3460497800,신종훈
어느날,10037278,1846581582,송해성
"고령화 가족",10037278,8169492153,송해성
무적자,10037278,11629780500,송해성
"우리들의 행복한 시간",10037278,14938458000,송해성
역도산,10037278,6482309500,송해성
"마이 캡틴 김대출",20030069,663144000,송창수
"그래, 가족",20110508,350293300,송정우
함정,20110508,2090877200,송정우
공조,10000533,63783051326,강대규
히말라야,10000533,60175111015,강대규
하모니,10000533,21641740000,강대규
해운대,10000533,81025004000,강대규
악녀,10061765,9739662144,정병식
"가문의 영광5 - 가문의 귀환",10061765,8330342500,정병식
"내가 살인범이다",10061765,20392518000,정병식
"홍길동의 후예",10061765,4259705000,정병식
마파도2,10061765,8362778700,정병식
악녀,10061761,9739662144,정병길
"내가 살인범이다",10061761,20392518000,정병길
"목숨 건 연애",20186696,363098800,정다원
"자유의 언덕",20186696,318581827,정다원
"우리 선희",20186696,530265400,정다원
"누구의 딸도 아닌 해원",20186696,273384900,정다원
"불한당: 나쁜 놈들의 세상",10031356,7674017125,변성현
리얼,10031356,3357912530,변성현
"다시 태어나도 우리",20243710,295699943,전진
풍산개,10061439,5395201500,전재홍
비몽,10061439,595238500,전재홍
"뚜르: 내 생애 최고의 49일",20215849,208911200,전일우
"시간위의 집",10060462,1020724600,장재현
"검은 사제들",10060462,42407832092,장재현
"광해, 왕이 된 남자",10060462,88908642769,장재현
특수본,10060462,8096052500,장재현
마녀,10029578,27242041463,박훈정
브이아이피,10029578,10956621835,박훈정
대호,10029578,13489904632,박훈정
신세계,10029578,34881330905,박훈정
혈투,10029578,329280000,박훈정
부당거래,10029578,20996302500,박훈정
"악마를 보았다",10029578,13403595000,박훈정
"악마를 보았다",10029578,13919416500,박훈정
"뚜르: 내 생애 최고의 49일",20215848,208911200,박형준
특별시민,20110676,10494768945,박인제
모비딕,20110676,3264596000,박인제
"뚜르: 내 생애 최고의 49일",20214827,208911200,임정하
하루,10058494,9072737842,임나무
노무현입니다,10057682,14559017612,이창재
목숨,10057682,294259600,이창재
길위에서,10057682,361603500,이창재
버닝,10057659,4714345098,이창동
싱글라이더,10057659,2685519021,이창동
우리들,10057659,340297960,이창동
도희야,10057659,830984100,이창동
"화이: 괴물을 삼킨 아이",10057659,17695683795,이창동
시,10057659,1542788950,이창동
밀양,10057659,10267556000,이창동
"두 번째 사랑",10057659,655033000,이창동
순정만화,20111837,4682641000,김새봄
"퍼펙트 게임",20158266,11220408500,정세교
"최종병기 활",20158266,55827861500,정세교
애자,20158266,13633902000,정세교
마강호텔,20158266,1247345300,정세교
"누구나 비밀은 있다",20158266,3529305500,정세교
"뷰티풀 투모로우",10060461,552273700,장재혁
사과,10050932,384127000,"밀다 바긴스카이트"
"용의주도 미스신",10002475,3743082000,권용숙
태풍태양,20128942,304884500,권경원
"마지막 늑대",20128942,303851500,권경원
"슈퍼맨이었던 사나이",10058653,3642176500,임승미
"두 사람이다",10058653,1505964500,임승미
아랑,10058653,5726173700,임승미
엄마,10058653,978382500,임승미
형,20196126,23130188893,이인혁
"강남 1970",20196126,17718699499,이인혁
표적,20196126,22256769300,이인혁
레드카펫,20196126,2405669580,이인혁
"당신, 거기 있어줄래요",20245349,9362086648,허정재
"특별수사: 사형수의 편지",20245349,9929947065,허정재
26년,10027804,21242367145,민병훈
그물,20197151,426257300,김종우
하하하,10054828,428376400,이광국
"잘 알지도 못하면서",10054828,274134500,이광국
"해변의 여인",10054828,835941500,이광국
극장전,10054828,262191500,이광국
마린보이,10054718,5503176500,이강현
데자뷰,20283049,360833100,고경민
"두 번째 사랑",20065238,655033000,김진아
럭키,10054784,56445023256,이계벽
"남쪽으로 튀어",10054784,5970851500,이계벽
커플즈,10054784,2705566500,이계벽
"야수와 미녀",10054784,8378297000,이계벽
올드보이,10054784,1928502500,이계벽
숨바꼭질,20281592,39602995500,김민정
엄마,10089595,978382500,홍성훈
"정승필 실종사건",10001827,2296093000,고현창
"비밀은 없다",20065829,2027581239,정소영
하울링,20065829,11765293500,정소영
"범죄와의 전쟁: 나쁜놈들 전성시대",20065829,36538823500,정소영
"1724 기방난동사건",20065829,1897970000,정소영
"해부학 교실",20065829,3627352500,정소영
기담,20110918,4124164500,박진성
"잘 알지도 못하면서",20156999,274134500,임오정
"해변의 여인",20156999,835941500,임오정
극장전,20156999,262191500,임오정
"범죄의 여왕",10002458,326980700,권오광
"굿바이 싱글",10002458,16912706195,권오광
돌연변이,10002458,748936684,권오광
소셜포비아,10002458,1977196563,권오광
공작,10054495,42267898976,윤종빈
검사외전,10054495,77319445264,윤종빈
허삼관,10054495,7410215569,윤종빈
"군도: 민란의 시대",10054495,36985578499,윤종빈
"범죄와의 전쟁: 나쁜놈들 전성시대",10054495,36538823500,윤종빈
"비스티 보이즈",10054495,4785467000,윤종빈
"무서운 이야기 3 : 화성에서 온 소녀",20128050,784148500,김민
그랜드파더,10055931,230206600,이서
말아톤,10055931,26284943000,이서
"후회하지 않아",10056129,263049900,이송희일
주문진,10086840,372281300,하명중
"어머니는 죽지 않는다",10086840,705081000,하명중
해결사,10055192,13844624000,이두용
사생결단,10055192,10934307100,이두용
똥파리,10036887,842501700,손원평
가루지기,10036887,1777803000,손원평
다세포소녀,10036887,2862391500,손원평
허스토리,10027774,2500814949,민규동
"당신, 거기 있어줄래요",10027774,9362086648,민규동
간신,10027774,8946889910,민규동
"내 아내의 모든 것",10027774,34222160500,민규동
"세상에서 가장 아름다운 이별",10027774,2297005000,민규동
"김종욱 찾기",10027774,8208944000,민규동
"끝과 시작",10027774,274964000,민규동
키친,10027774,931460100,민규동
"서양 골동 양과자점 앤티크",10027774,7420399500,민규동
"내 생애 가장 아름다운 일주일",10027774,14710541000,민규동
허스토리,10027774,2500814949,민규동
"무서운 이야기 3 : 화성에서 온 소녀",10027774,784148500,민규동
"무서운 이야기 2",10027774,3393767500,민규동
"무서운 이야기",10027774,2452368566,민규동
만추,10006116,6330669900,김태용
"가족의 탄생",10006116,1220941000,김태용
"모차르트 락 오페라",20110332,229835000,정성복
체포왕,10058845,6413325500,임찬익
"어린 왕자",10058845,493278500,임찬익
"나의 결혼원정기",10058845,3860195500,임찬익
"사랑해, 말순씨",10058845,2191787000,임찬익
"꽃피는 봄이 오면",10058845,3201626000,임찬익
"인어 공주",10058845,2828706500,임찬익
"극장판 안녕 자두야",20159110,2135647300,이정익
천군,10027766,5852391000,민경원
사랑,20136995,13446137500,임준현
가족,10058081,8051239500,이혁수
가족,10058081,1073144500,이혁수
"지슬 - 끝나지 않은 세월2",10050307,991568200,오멸
시간이탈자,20184482,9731838195,이혜연
"눈부신 날에",10028460,1729412500,박광수
마마,20156577,1642407500,"안드레스 무시에티"
시간이탈자,10002002,9731838195,곽재용
데이지,10002002,5754065300,곽재용
"내 여자친구를 소개합니다",10002002,8329341500,곽재용
복숭아나무,20184561,240262112,오세인
사이코메트리,20280129,3978495129,"토마스 로우스"
"블랙 가스펠",20188501,367328500,서정신우
헬머니,20186469,4122996972,권현석
"퍼펙트 게임",10029586,11220408500,박희곤
"인사동 스캔들",10029586,7780811000,박희곤
된장,20162131,334175900,김아영
공범자들,20235206,2035223800,최승호
자백,20235206,1131393200,최승호
타워,10005886,37654858000,김지훈
7광구,10005886,19391653500,김지훈
"화려한 휴가",10005886,44098470600,김지훈
"목포는 항구다",10005886,2673832500,김지훈
"사랑하니까, 괜찮아",10002015,1296756200,곽지균
가시,10060625,1095301000,장현수
"누구나 비밀은 있다",10060625,3529305500,장현수
추격자,20127451,33986449500,김선경
트릭,10089036,297957300,"닐 호너"
계춘할망,10047036,3599680348,양익준
"나의 절친 악당들",10047036,1054470664,양익준
똥파리,10047036,842501700,양익준
"비밀은 없다",10071129,2027581239,차성덕
"미쓰 홍당무",10071129,3603598500,차성덕
"사라진 밤",10071129,10697981316,차성덕
히말라야,20114792,60175111015,이종석
국제시장,20114792,110933981730,이종석
"더 킥",20114792,351561500,이종석
리턴,20114792,4271865500,이종석
"너는 내 운명",20135294,17653752500,김민지
리턴,20157483,4271865500,임일진
덕혜옹주,10088463,44068865409,허진호
덕혜옹주,10088463,44395967609,허진호
호우시절,10088463,2139360500,허진호
행복,10088463,7737599000,허진호
외출,10088463,4376240500,허진호
오감도,10088463,3074373500,허진호
해무(海霧),10031641,11688465619,봉준호
설국열차,10031641,67011377000,봉준호
마더,10031641,19967462500,봉준호
괴물,10031641,64802996000,봉준호
괴물,10031641,66715881300,봉준호
남극일기,10031641,5478113500,봉준호
함정,10024437,2090877200,"마크 펠링톤"
"쓰리 썸머 나잇",10005243,616132846,김유성
"누가 그녀와 잤을까?",10005243,2068632100,김유성
"연애의 맛",10004879,1725990153,김아론
청연,10004879,3106648400,김아론
숨바꼭질,20251890,39602995500,김진아
뫼비우스,20166961,255508579,황규일
"파괴된 사나이",10071889,7683092100,천주영
국가대표,10071889,57570773000,천주영
"죽여주는 여자",10057210,884934300,이재용
"두근두근 내 인생",10057210,6256243213,이재용
"두근두근 내 인생",10057210,12291081634,이재용
여배우들,10057210,3776407000,이재용
다세포소녀,10057210,2862391500,이재용
"흥부: 글로 세상을 바꾼 자",10065272,3381050200,조근현
번개맨,10065272,516736500,조근현
26년,10065272,21242367145,조근현
"후궁 : 제왕의 첩",10065272,19330302500,조근현
"마이 웨이",10065272,15995187000,조근현
"두 여자",10065272,967522000,조근현
"슬픔보다 더 슬픈 이야기",10065272,4724214000,조근현
"1724 기방난동사건",10065272,1897970000,조근현
"고고 70",10065272,3865123500,조근현
가루지기,10065272,1777803000,조근현
"라듸오 데이즈",10065272,1394050500,조근현
"마이 파더",10065272,5641848000,조근현
"지금 사랑하는 사람과 살고 있습니까?",10065272,7004658500,조근현
"전설의 고향",10065272,2246522500,조근현
허브,10065272,7652767000,조근현
음란서생,10065272,14944528700,조근현
"형사; Duelist",10065272,5845646000,조근현
천군,10065272,5852391000,조근현
"인어 공주",10065272,2828706500,조근현
"오늘의 연애",10029363,14924654487,박진표
공범,10029363,12333110882,박진표
"내 사랑 내 곁에",10029363,15584755500,박진표
"그놈 목소리",10029363,17598617600,박진표
"너는 내 운명",10029363,17653752500,박진표
"석조저택 살인사건",10003489,2829106886,김휘
"퇴마: 무녀굴",10003489,951843500,김휘
이웃사람,10003489,15839136310,김휘
이웃사람,10003489,18089137369,김휘
"시체가 돌아왔다",10003489,7360631000,김휘
댄싱퀸,10003489,30130610500,김휘
7광구,10003489,19391653500,김휘
"심야의 F.M.",10003489,9179188500,김휘
하모니,10003489,21641740000,김휘
해운대,10003489,81025004000,김휘
"색즉시공 시즌2",10003489,13466476000,김휘
"무서운 이야기 2",10003489,3393767500,김휘
"가려진 시간",10047368,3948158400,엄태화
마녀,10047368,27242041463,엄태화
만신,10047368,271945300,엄태화
기담,10047368,4124164500,엄태화
"친절한 금자씨",10047368,20483051393,엄태화
"순수의 시대",20157905,3741046828,유수민
하이힐,20157905,2750311500,유수민
황해,20157905,17497165500,유수민
해무(海霧),20110970,11688465619,박현철
설국열차,20110970,67011377000,박현철
7광구,20110970,19391653500,박현철
마더,20110970,19967462500,박현철
"비스티 보이즈",20110970,4785467000,박현철
1급기밀,10089413,1728722300,홍기선
"이태원 살인사건",10089413,3978029000,홍기선
"극장판 또봇: 로봇군단의 습격",20276549,1090835800,고동우
썸,20276329,1488328000,정은비
도마뱀,20276289,2307824200,오혜진
"터널 3D",20121241,620874000,정하린
가시,20212689,1095301000,김현우
통증,20212689,5246996000,김현우
머니백,20238387,417495600,허준형
레이디버그,20275130,310302500,장성
"두 개의 문",10058080,488796800,이혁상
괴물,20274609,64802996000,민아인
괴물,20274609,66715881300,민아인
"탐정 홍길동: 사라진 마을",10065952,11515559845,조성희
늑대소년-확장판,10065952,2869918500,조성희
늑대소년,10065952,46593140500,조성희
아수라,10004596,20579716662,김성수
감기,10004596,21774884000,김성수
중천,10004596,8581442100,김성수
아가씨,10029381,35211229991,박찬욱
"비밀은 없다",10029381,2027581239,박찬욱
무뢰한,10029381,3262380431,박찬욱
설국열차,10029381,67011377000,박찬욱
박쥐,10029381,14835559500,박찬욱
"미쓰 홍당무",10029381,3603598500,박찬욱
"싸이보그지만 괜찮아",10029381,3983748800,박찬욱
"소년, 천국에 가다",10029381,1258000500,박찬욱
"친절한 금자씨",10029381,20483051393,박찬욱
올드보이,10029381,1928502500,박찬욱
"쓰리 몬스터",10029381,1159253000,박찬욱
차이나타운,20183664,11990707878,한준희
사이코메트리,20183664,3978495129,한준희
"성실한 나라의 앨리스",20112403,349943500,안국진
시,20112403,1542788950,안국진
"작은 연못",20112403,311840500,안국진
소수의견,10004620,2892681205,김성제
"혈의 누",10004620,12367486506,김성제
화장,10058483,1074486100,임권택
"달빛 길어올리기",10058483,362910000,임권택
천년학,10058483,847948500,임권택
하류인생,10058483,1470927500,임권택
연평해전,10006188,45566111330,김학순
데이지,20274211,5754065300,"렌 징징"
"뷰티 인사이드",20143077,16155829131,백종열
설국열차,20143077,67011377000,백종열
커플즈,20143077,2705566500,백종열
"그놈 목소리",20143077,17598617600,백종열
"연애의 목적",20143077,9846423390,백종열
"S 다이어리",20143077,7024070500,백종열
올드보이,20143077,1928502500,백종열
"잘못된 만남",20273329,308882000,김금실
여교사,20191068,961785460,김태용
"특종: 량첸살인기",10015745,4754763118,노덕
"연애의 온도",10015745,13799922446,노덕
우리들,20113672,340297960,윤가은
"찌라시: 위험한 소문",20113672,9111748087,윤가은
손님,20113672,6385937880,윤가은
"비밀은 없다",10054739,2027581239,이경미
"미쓰 홍당무",10054739,3603598500,이경미
"나를 잊지 말아요",20065265,3409535000,이윤정
"달콤, 살벌한 연인",20065265,13426707100,이윤정
"나를 잊지 말아요",20065265,3409535000,이윤정
골든슬럼버,10066810,11412768798,조의석
마스터,10066810,58068236865,조의석
감시자들,10066810,39380162179,조의석
"조용한 세상",10066810,937877400,조의석
"당신, 거기 있어줄래요",10089855,9362086648,홍지영
결혼전야,10089855,8444337719,홍지영
키친,10089855,931460100,홍지영
"서양 골동 양과자점 앤티크",10089855,7420399500,홍지영
"무서운 이야기",10089855,2452368566,홍지영
"우리는 형제입니다",10060535,7263255399,장진
하이힐,10060535,2750311500,장진
"로맨틱 헤븐",10060535,542739500,장진
퀴즈왕,10060535,4188846000,장진
된장,10060535,334175900,장진
"굿모닝 프레지던트",10060535,18567863300,장진
"강철중: 공공의 적 1-1",10060535,28638460100,장진
"바르게 살자",10060535,13944930000,장진
아들,10060535,2886902500,장진
"거룩한 계보",10060535,8759204600,장진
"박수칠 때 떠나라",10060535,13181626500,장진
"웰컴 투 동막골",10060535,40328508500,장진
"아는 여자",10060535,4686013500,장진
댄싱퀸,20112503,30130610500,조진모
"수상한 고객들",20112503,7953428000,조진모
"예의없는 것들",10029415,4326582400,박철희
"예의없는 것들",10029415,4886772800,박철희
페이스,10029415,1534151500,박철희
귀여워,10004779,327192000,김수현
김씨표류기,20166705,4736518000,구교환
동창생,20124307,7010197126,박홍수
"내 아내의 모든 것",20124307,34222160500,박홍수
고지전,20124307,21968680600,박홍수
의형제,20124307,40153729000,박홍수
"영화는 영화다",20124307,8967441000,박홍수
궁녀,20124307,9038167500,박홍수
"동갑내기 과외하기 레슨 2",20124307,3309177500,박홍수
마마,20146447,1642407500,김태영
일사각오,20195495,679742500,권혁만
"그 사람 그 사랑 그 세상",20195495,302239000,권혁만
일사각오,20269333,679742500,고문안
사이코메트리,10002500,3978495129,권호영
평행이론,10002500,6793066000,권호영
숨바꼭질,10002500,39602995500,권호영
사과,10004197,384127000,김민숙
약장수,20211566,314542400,유재현
장수상회,20211566,8737864643,유재현
용의자,10008638,30037161000,"니콜라스 로에그"
순종,20246329,418376200,이주훈
"이태원 살인사건",20112331,3978029000,박제욱
"내 심장을 쏴라",10019026,2856859132,류훈
페이스메이커,10019026,3443753000,류훈
비밀애,10019026,1206812000,류훈
"아내가 결혼했다",10019026,12062180000,류훈
순종,20246309,418376200,김동민
형,10002413,23130188893,권수경
"맨발의 기봉이",10002413,12239242400,권수경
트릭,20225826,297957300,이창열
"악마를 보았다",20211526,13403595000,김기범
"악마를 보았다",20211526,13919416500,김기범
"꿈은 이루어진다",20153077,718090000,김성준
"식객2 : 김치전쟁",20153077,3243969500,김성준
"누가 그녀와 잤을까?",20153077,2068632100,김성준
"나의 사랑 나의 신부",10058842,16636404305,임찬상
"효자동 이발사",10058842,4855872900,임찬상
터널,10058842,56792964517,임찬상
터널,10058842,57530028417,임찬상
"우리별 일호와 얼룩소",20157081,292031500,정유경
"두 남자",20244789,459566121,이성태
"역전의 명수",20110995,3222783000,박흥식
하루,20110995,9072737842,박흥식
연평해전,10029478,45566111330,박헌수
"성실한 나라의 앨리스",10029478,349943500,박헌수
소셜포비아,10029478,1977196563,박헌수
"완벽한 파트너",10029478,676141000,박헌수
비밀애,10029478,1206812000,박헌수
"브라보 마이 라이프",10029478,460596500,박헌수
"투 가이즈",10029478,3584851500,박헌수
판도라,10029181,36067171064,박정우
연가시,10029181,32175400664,박정우
쏜다,10029181,1945217400,박정우
"강력 3반",10029181,5053205500,박정우
"바람의 전설",10029181,636285500,박정우
"돌이킬 수 없는",20110814,465532500,박수영
가시,10006085,1095301000,김태균
"맨발의 꿈",10006085,2372206500,김태균
크로싱,10006085,5639910500,김태균
"백만장자의 첫사랑",10006085,3375971500,김태균
"늑대의 유혹",10006085,8023653000,김태균
변산,10057485,4014072273,이준익
박열,10057485,18094175795,이준익
대배우,10057485,1246200228,이준익
동주,10057485,8870143589,이준익
"그날의 분위기",10057485,5149571612,이준익
사도,10057485,48844889501,이준익
소원,10057485,18529880600,이준익
평양성,10057485,12684530500,이준익
"구르믈 버서난 달처럼",10057485,10241690500,이준익
"님은 먼 곳에",10057485,11200872500,이준익
궁녀,10057485,9038167500,이준익
"즐거운 인생",10057485,7874566500,이준익
"라디오 스타",10057485,9860797500,이준익
도마뱀,10057485,2307824200,이준익
"왕의 남자",10057485,66014775400,이준익
"달마야, 서울 가자",10057485,4469579500,이준익
라이어,10003582,706033000,김경형
리턴,20263844,4271865500,"미사와 타쿠야"
무방비도시,10055840,10591149500,이상기
"바람의 파이터",10055840,8769832000,이상기
"바람의 파이터",10055840,9158945500,이상기
터널,20263809,56792964517,"로드리고 그란데"
터널,20263809,57530028417,"로드리고 그란데"
"미쓰 와이프",10000970,7387086869,강효진
"육혈포 강도단",10000970,8651186000,강효진
펀치레이디,10000970,243405000,강효진
"고산자, 대동여지도",10000873,7801007258,강지은
"고산자, 대동여지도",10000873,599122500,강지은
"강철중: 공공의 적 1-1",10000873,28638460100,강지은
도마뱀,10000873,2307824200,강지은
실미도,10000873,10923920500,강지은
꼭두각시,10089612,227941500,홍수동
워낭소리,10089612,19075737900,홍수동
"우리 학교",10089612,210875100,홍수동
"위대한 소원",20209287,2440004213,남대중
"나를 기억해",20178069,1229698892,이한욱
숨바꼭질,20178069,39602995500,이한욱
"가족의 탄생",20262190,1220941000,권일형
"소년, 천국에 가다",10055390,1258000500,이무영
비상,20244338,221371000,이민우
비상,20244338,217973600,이민우
명량,10006204,132998319910,김한민
명량,10006204,135753322310,김한민
"최종병기 활",10006204,55827861500,김한민
핸드폰,10006204,4221938000,김한민
"극락도 살인사건",10006204,13328932000,김한민
사냥,10006204,4912658515,김한민
"국가대표 2",10005717,5474392042,김종현
"미스터 고",10005717,9337976000,김종현
"마이 뉴 파트너",10005717,1699031500,김종현
"슈퍼스타 감사용",10005717,4073017000,김종현
"무현, 두 도시 이야기",20191146,1519091100,이일하
"슈퍼 프렌즈",20239406,663075600,이원재
"범죄의 여왕",20162031,326980700,이요섭
"굿바이 싱글",20162031,16912706195,이요섭
므이,20162031,1067080000,이요섭
"천년여우 여우비",10055997,2496355500,이성강
혼숨,20246149,2258422445,이두환
"범죄의 여왕",20112191,326980700,우문기
"굿바이 싱글",20112191,16912706195,우문기
만신,20112191,271945300,우문기
모던보이,20112191,4992149500,우문기
추격자,10004672,33986449500,김세연
"순수의 시대",20111254,3741046828,안상훈
블라인드,20111254,18390012500,안상훈
아랑,20111254,5726173700,안상훈
...ing,20111254,217269000,안상훈
달빛궁궐,20111134,1148146700,손현희
"내 생애 최악의 남자",20111134,2877614000,손현희
허브,20111134,7652767000,손현희
"그해 여름",20111134,1744090200,손현희
"불꽃처럼 나비처럼",10031639,12302961500,봉만대
신데렐라,10031639,3333808000,봉만대
"빅뱅 메이드",20238366,464727700,변진호
"화이트: 저주의 멜로디",10004500,5587166000,김선
"무서운 이야기 3 : 화성에서 온 소녀",10004500,784148500,김선
"무서운 이야기",10004500,2452368566,김선
"고산자, 대동여지도",10030297,7801007258,백상열
"고산자, 대동여지도",10030297,599122500,백상열
"주유소 습격사건 2",10030297,5379208500,백상열
"권순분여사 납치사건",10030297,9807862000,백상열
도마뱀,10030297,2307824200,백상열
"공공의 적 2",10030297,20091127000,백상열
"귀신이 산다",10030297,11898748500,백상열
실미도,10030297,10923920500,백상열
목격자,20258511,21393452647,"알렉산더 버거"
목격자,20258497,21393452647,"크리스트 아이보비"
목격자,20258510,21393452647,"휴고 리조"
화차,10060422,18459203000,장은연
"Mr.로빈 꼬시기",10060422,3990360200,장은연
어깨동무,10060422,753985500,장은연
"달빛 길어올리기",20189612,362910000,김미영
천년학,20189612,847948500,김미영
하류인생,20189612,1470927500,김미영
"범죄의 여왕",10058226,326980700,이홍민
"인천상륙작전 : 익스텐디드 에디션(확장판)",10057235,220051200,이재한
인천상륙작전,10057235,55069686503,이재한
포화속으로,10057235,23831958600,이재한
"내 머리 속의 지우개",10057235,11919939500,이재한
"효자동 이발사",10087623,4855872900,한승림
글로리데이,20112573,1486835668,최정열
평행이론,20112573,6793066000,최정열
"내 사랑 내 곁에",20112573,15584755500,최정열
"우아한 세계",20112573,6161685500,최정열
아이들...,10054878,13579712500,이규만
리턴,10054878,4271865500,이규만
뫼비우스,20182772,255508579,고형동
"I am",20252329,245731000,이지은
하루,20252271,9072737842,박준형
목격자,20212509,21393452647,오동하
황진이,10040579,7763409000,신정균
"엽기적인 그녀 2",20132735,594260900,신은영
"남과 여",20132735,1651122533,신은영
"달콤한 인생",20132735,7233790500,신은영
번개맨,20230986,516736500,신동훈
"마이 블랙 미니드레스",20230986,2318884500,신동훈
비몽,20230986,595238500,신동훈
사냥,20189647,4912658515,송은주
목격자,10065265,21393452647,조규장
"그날의 분위기",10065265,5149571612,조규장
"극장판 안녕 자두야",20234506,2135647300,손석우
"날, 보러와요",10061983,8836144063,정영헌
"그놈 목소리",10061983,17598617600,정영헌
"너는 내 운명",10061983,17653752500,정영헌
곡성,20112451,55863520382,배종대
"시체가 돌아왔다",20112451,7360631000,배종대
해어화,20110989,3768200759,박흥식
"협녀, 칼의 기억",20110989,3360045489,박흥식
"사랑해, 말순씨",20110989,2191787000,박흥식
"인어 공주",20110989,2828706500,박흥식
좋아해줘,20110969,6572774337,박현진
"6년째 연애중",20110969,7422697000,박현진
"오래된 정원",20110969,1490000000,박현진
"극장판 프랭키와 친구들: 생명의 나무",20134495,410518600,박정오
"지구대표 롤링스타즈",20134495,230047000,박정오
오빠생각,10058005,8060591287,이한
손님,10058005,6385937880,이한
"연애의 맛",10058005,1725990153,이한
"오늘의 연애",10058005,14924654487,이한
"우아한 거짓말",10058005,11727860300,이한
완득이,10058005,38532269000,이한
"내 사랑",10058005,6315244000,이한
청춘만화,10058005,9785168000,이한
사냥,20247715,4912658515,조영준
꾼,20245689,31313568795,정재익
그놈이다,10054518,8098811152,윤준형
베스트셀러,10054518,7983184500,윤준형
"언니가 간다",10054518,947570700,윤준형
"야수와 미녀",10054518,8378297000,윤준형
"주먹이 운다(Crying Fist)",10054518,9322812000,윤준형
"바람의 파이터",20162812,8769832000,김진도
"바람의 파이터",20162812,9158945500,김진도
늑대소년,10059093,46593140500,"다비드 얀센"
침묵,20243789,3930219264,박수남
가시,20243447,1095301000,"우메자와 소이치"
블라인드,20239808,18390012500,신규민
손님,20242506,6385937880,"셰인 다니엘센"
용의자,10089156,30037161000,"호세 미구엘 리베이로"
비밀,20241086,369339300,정부경
귀향,10050947,27248705990,"오토 프레밍거"
"은밀하게 위대하게",20130878,48700887413,조석현
쌍화점,20130878,25411823400,조석현
"라듸오 데이즈",20130878,1394050500,조석현
뚝방전설,20130878,2132943200,조석현
오늘,10057326,713525000,이정향
"봉이 김선달",10087818,16226580642,한홍열
복면달호,10006269,9008143000,김현수
몽타주,10072289,15002458500,최빛나
하류인생,10037050,1470927500,송능한
"옥희의 영화",10056927,281740900,이유림
파주,10056927,969489100,이유림
"멋진 하루",10056927,2586052500,이유림
사과,10056927,384127000,이유림
판도라,20215386,36067171064,김찬년
워낭소리,10057749,19075737900,이충렬
만신,20235166,271945300,한선희
"말하는 건축가",20235166,307694700,한선희
"마당을 나온 암탉",10006478,14670355000,김환태
"로봇, 소리",10058219,3519595560,이호재
작전,10058219,10086067500,이호재
약장수,20138384,314542400,조치언
가시,20138384,1095301000,조치언
"연애의 온도",20138384,13799922446,조치언
"맨발의 꿈",20138384,2372206500,조치언
열정같은소리하고있네,10061628,4761399902,정기훈
반창꼬,10061628,17911274787,정기훈
애자,10061628,13633902000,정기훈
"고死 : 피의 중간고사",10061628,10204359000,정기훈
"극적인 하룻밤",10086669,2616673429,하기호
"라듸오 데이즈",10086669,1394050500,하기호
"우리 집에 왜 왔니",10090150,1411607500,황수아
"바람피기 좋은 날",10060160,10738218900,장문일
파랑주의보,10060160,1453890000,장문일
"쓰리 썸머 나잇",10004438,616132846,김상진
투혼,10004438,1432123500,김상진
"주유소 습격사건 2",10004438,5379208500,김상진
"권순분여사 납치사건",10004438,9807862000,김상진
"공공의 적 2",10004438,20091127000,김상진
"귀신이 산다",10004438,11898748500,김상진
"독전: 익스텐디드 컷",10058049,844714600,이해영
독전,10058049,43484892913,이해영
"경성학교: 사라진 소녀들",10058049,2749609100,이해영
26년,10058049,21242367145,이해영
페스티발,10058049,1517889500,이해영
"천하장사 마돈나",10058049,3552058700,이해영
"천하장사 마돈나",10058049,1652561200,이해영
"아라한 장풍대작전",10058049,5207878000,이해영
"안녕! 유에프오",10058049,250534000,이해영
"조작된 도시",10028469,20143992587,박광현
"웰컴 투 동막골",10028469,40328508500,박광현
함정,10002567,2090877200,권형진
웨딩드레스,10002567,997380500,권형진
트럭,10002567,3730899000,권형진
"호로비츠를 위하여",10002567,2813074600,권형진
비밀,20238071,369339300,이아린
"탐정 : 더 비기닝",10005643,20463956973,김정훈
"쩨쩨한 로맨스",10005643,15800299000,김정훈
"위험한 상견례 2",10005932,3575384754,김진영
"위험한 상견례",10005932,19174920500,김진영
청담보살,10005932,9599189500,김진영
"아기와 나",10005932,2641412500,김진영
마파도2,10005932,8362778700,김진영
"돈 텔 파파",10005932,3481025000,김진영
"돈 텔 파파",10005932,902219500,김진영
조선마술사,10003845,4650016527,김대승
"후궁 : 제왕의 첩",10003845,19330302500,김대승
가을로,10003845,3653445400,김대승
"혈의 누",10003845,12367486506,김대승
하류인생,10003845,1470927500,김대승
"나의 절친 악당들",10058591,1054470664,임상수
"돈의 맛",10058591,8780178611,임상수
하녀,10058591,17038639000,임상수
"오래된 정원",10058591,1490000000,임상수
"그때 그 사람들",10058591,5777895500,임상수
"성난 변호사",10088447,8723650039,허종호
카운트다운,10088447,3630557000,허종호
"눈부신 날에",10088447,1729412500,허종호
암살,10072187,98463522781,최동훈
도둑들,10072187,91872987000,최동훈
도둑들,10072187,93665632500,최동훈
전우치,10072187,44092710000,최동훈
중천,10072187,8581442100,최동훈
타짜,10072187,36181314700,최동훈
"소년, 천국에 가다",10072187,1258000500,최동훈
"그때 그 사람들",10072187,5777895500,최동훈
"범죄의 재구성",10072187,6132877000,최동훈
아수라,10006219,20579716662,김해곤
"끝까지 간다",10006219,27007303900,김해곤
"집으로 가는 길",10006219,13049026745,김해곤
"고령화 가족",10006219,8169492153,김해곤
무적자,10006219,11629780500,김해곤
숙명,10006219,5680873500,김해곤
"사랑방 선수와 어머니",10006219,3286151000,김해곤
"누가 그녀와 잤을까?",10006219,2068632100,김해곤
"가문의 부활 - 가문의 영광3",10006219,15996330400,김해곤
"연애, 그 참을 수 없는 가벼움",10006219,3611679500,김해곤
"가문의 위기(가문의 영광2)",10006219,28622355500,김해곤
"달콤한 인생",10006219,7233790500,김해곤
"B형 남자친구",10006219,7324579000,김해곤
"누구나 비밀은 있다",10006219,3529305500,김해곤
"태극기 휘날리며",10006219,15687180500,김해곤
속닥속닥,20237389,1900914300,김은경
아들,20237327,2886902500,강동원
"집으로 가는 길",10005865,13049026745,김지현
터널,10004662,56792964517,김성훈
터널,10004662,57530028417,김성훈
"끝까지 간다",10004662,27007303900,김성훈
"애정결핍이 두 남자에게 미치는 영향",10004662,2928135400,김성훈
"그놈은 멋있었다",10004662,2309055500,김성훈
"가족의 탄생",10042071,1220941000,"루카 포파딕"
"가족의 탄생",10084204,1220941000,"프란체스코 주치"
"가족의 탄생",10084117,1220941000,"루 푸리치"
"가족의 탄생",10063456,1220941000,"이그나스 메이루나스"
"가족의 탄생",20236506,1220941000,"다리오 사무엘 레오네"
"끝과 시작",20236326,274964000,"아서 리코투리얼"
"끝과 시작",20236310,274964000,"파나지오티스 차라미스"
"끝과 시작",20236309,274964000,"호세 에스테반 아렌다"
"끝과 시작",20236308,274964000,"케사르 에스테반 아렌다"
"끝과 시작",20236307,274964000,"매튜 시마노프스키"
"끝과 시작",20236306,274964000,"리나 루지테"
엄마,10050957,978382500,"오토 카일말라"
소공녀,10052574,472553700,"월터 랭"
여중생A,20113175,811692000,이경섭
비상,20234767,221371000,홍상유
비상,20234767,217973600,홍상유
포화속으로,20183245,23831958600,김태훈
도리화가,10057407,2246950339,이종필
전국노래자랑,10057407,6687636000,이종필
푸른소금,10057407,5739824500,이종필
퀴즈왕,10057407,4188846000,이종필
아저씨,10057407,39862180500,이종필
아저씨,10057407,47102707500,이종필
외출,10057407,4376240500,이종필
"엽기적인 그녀 2",10065271,594260900,조근식
"그해 여름",10065271,1744090200,조근식
"관능의 법칙",10002537,5858771500,권칠인
"원더풀 라디오",10002537,7255598000,권칠인
"참을 수 없는",10002537,566731000,권칠인
"뜨거운 것이 좋아",10002537,3790477000,권칠인
시,10029163,1542788950,박정범
"눈부신 날에",10007512,1729412500,남다정
런닝맨,10065637,10060239500,조동오
중천,10065637,8581442100,조동오
청담보살,10005838,9599189500,김지영
맹부삼천지교,10005838,1424995500,김지영
하녀,10003717,17038639000,김기영
"서울이 보이냐",10037058,309575000,송동윤
"피끓는 청춘",10056625,11688382888,이연우
"거북이 달린다",10056625,20618276000,이연우
트릭,20171960,297957300,"오오네 히토시"
사과,10000818,384127000,강이관
목격자,10009408,21393452647,"다니엘 엘그란트"
"완벽한 파트너",20113541,676141000,허범욱
장수상회,10000854,8737864643,강제규
"마이 웨이",10000854,15995187000,강제규
"태극기 휘날리며",10000854,15687180500,강제규
플랜맨,20114191,4547866558,성시흡
추격자,20114191,33986449500,성시흡
"비열한 거리",20114191,11664597600,성시흡
"돌이킬 수 없는",10006604,465532500,"클레르 드니"
분홍신,10023572,6768135000,"마이클 파웰"
"색즉시공 시즌2",20111382,13466476000,윤태윤
낭만자객,20111382,312851500,윤태윤
"대한민국 1%",10065792,2244690500,조명남
"간 큰 가족",10065792,8212961893,조명남
타이밍,10054870,291240500,이권
"내 연애의 기억",10054870,357963117,이권
"어깨 너머의 연인",10054870,1974664500,이권
"꽃미남 연쇄 테러 사건",10054870,594082500,이권
회초리,10005961,479093000,김진홍
"여고생 시집가기",10005961,357352000,김진홍
타이밍,20145495,291240500,서성종
"아치와 씨팍",20145495,640343800,서성종
무뢰한,10050533,3262380431,오승욱
역도산,10050533,6482309500,오승욱
강적,10029350,1956841000,박진순
타이밍,10027767,291240500,민경조
타이밍,10028546,291240500,박대열
"뽀로로 극장판 컴퓨터 왕국 대모험",10028920,3293753700,박영균
"뽀로로 극장판 슈퍼썰매 대모험",10028920,6826959500,박영균
신암행어사,20125414,251079500,강명진
공필두,10001906,958576600,공정식
"키다리 아저씨",10001906,2789824500,공정식
대결,10079546,251176500,태준식
"다이노 타임",20167014,2108596800,최윤석
엄마,20167014,978382500,최윤석
웨딩드레스,10028999,997380500,박용집
"용의주도 미스신",10028999,3743082000,박용집
"아라한 장풍대작전",10028999,5207878000,박용집
엄마,10006851,978382500,"나루세 미키오"
비밀,20066038,369339300,박은경
"브라보 마이 라이프",10028957,460596500,박영훈
"댄서의 순정",10028957,11674131000,박영훈
"분노의 윤리학",10028598,1658653000,박명랑
"로맨틱 아일랜드",10028598,1006594000,박명랑
"그 남자의 책 198쪽",10005546,587173500,김정권
바보,10005546,6306680500,김정권
"얼굴 없는 미녀",10005426,2227291000,김인식
"누구나 비밀은 있다",10005411,3529305500,김인규
서부전선,20125818,4751661400,김익로
"5백만불의 사나이",20125818,739789500,김익로
"7급 공무원",20125818,26380710000,김익로
인형사,20125818,1324401000,김익로
"두근두근 내 인생",20154667,6256243213,박민우
"두근두근 내 인생",20154667,12291081634,박민우
소원,20154667,18529880600,박민우
"미스터 고",20154667,9337976000,박민우
댄싱퀸,20154667,30130610500,박민우
"오싹한 연애",20154667,22010977000,박민우
아이들...,20154667,13579712500,박민우
그랑프리,20154667,1219746000,박민우
"내 심장을 쏴라",10026804,2856859132,문제용
"아부의 왕",10026804,3511102500,문제용
"슈퍼맨이었던 사나이",10026804,3642176500,문제용
타짜,10026804,36181314700,문제용
"내 생애 가장 아름다운 일주일",10026804,14710541000,문제용
로망스,10026745,2376146100,문승욱
귀여워,10060246,327192000,장선우
"고녀석 맛나겠다2 : 함께라서 행복해",20188032,384800000,"노나카 카즈미"
비밀,20204806,369339300,이동하
"비열한 거리",10006480,11664597600,김회근
잠복근무,10006480,9590663500,김회근
"제니, 주노",10006426,1283847500,김호준
"어린 신부",10006426,6240174500,김호준
"두 여자",10003839,967522000,김대석
26년,10058228,21242367145,이홍수
궁녀,10040399,9038167500,신상옥
코리아,10040399,13448848500,신상옥
숙명,10060256,5680873500,장성수
"두뇌유희프로젝트, 퍼즐",10006076,1450490000,김태경
오늘,10072680,713525000,최정문
"점박이:한반도의 공룡3D",10087513,9621468000,한상호
패션왕,10050086,4367582379,오기환
"두 사람이다",10050086,1505964500,오기환
"작업의 정석",10050086,11706585100,오기환
오감도,10050086,3074373500,오기환
26년,20180788,21242367145,한지원
기생령,10047028,750901000,양윤호
그랑프리,10047028,1219746000,양윤호
가면,10047028,2139483000,양윤호
홀리데이,10047028,7885116000,양윤호
"바람의 파이터",10047028,8769832000,양윤호
"바람의 파이터",10047028,9158945500,양윤호
허삼관,20030155,7410215569,김주호
"바람과 함께 사라지다",20030155,33243273161,김주호
"바람과 함께 사라지다",20030155,34614661161,김주호
의형제,20030155,40153729000,김주호
"경성학교: 사라진 소녀들",10056822,2749609100,이용주
건축학개론,10056822,30220536000,이용주
불신지옥,10056822,1795734500,이용주
"사랑해, 말순씨",10005452,2191787000,김일종
"인어 공주",10005452,2828706500,김일종
카운트다운,10007306,3630557000,"나타우트 푼프리야"
목격자,10059096,21393452647,"스브야토슬라브 포드가에브스키"
오피스,10089708,3460460230,홍원찬
"내가 살인범이다",10089708,20392518000,홍원찬
황해,10089708,17497165500,홍원찬
작전,10089708,10086067500,홍원찬
추격자,10089708,33986449500,홍원찬
"더 웹툰: 예고살인",10062006,8537683070,정용기
"가문의 영광5 - 가문의 귀환",10062006,8330342500,정용기
커플즈,10062006,2705566500,정용기
"홍길동의 후예",10062006,4259705000,정용기
원스어폰어타임,10062006,10136738500,정용기
"사랑방 선수와 어머니",10062006,3286151000,정용기
"가문의 부활 - 가문의 영광3",10062006,15996330400,정용기
"가문의 위기(가문의 영광2)",10062006,28622355500,정용기
잠복근무,10062006,9590663500,정용기
인형사,10062006,1324401000,정용기
천군,10027853,5852391000,민준기
"울학교 이티",10028466,4159767500,박광춘
잠복근무,10028466,9590663500,박광춘
상류사회,10031397,5012916263,변혁
주홍글씨,10031397,6648786000,변혁
점쟁이들,10040587,6731202500,신정원
차우,10040587,12531840500,신정원
"시실리 2km",10040587,7340447000,신정원
"시실리 2km",10040587,8049487000,신정원
낭만자객,10040587,312851500,신정원
챔피언,20222515,9471138230,심하은
"은밀한 유혹",10054464,1137666247,윤재구
시크릿,10054464,7957651500,윤재구
"세븐 데이즈",10054464,13720377000,윤재구
형,10054323,23130188893,윤석훈
"강남 1970",20111250,17718699499,유하
하울링,20111250,11765293500,유하
쌍화점,20111250,25411823400,유하
"비열한 거리",20111250,11664597600,유하
"말죽거리 잔혹사",20111250,3837152000,유하
소셜포비아,20152031,1977196563,유원상
손님,20147149,6385937880,김광태
청춘만화,20147149,9785168000,김광태
타워,20184034,37654858000,김용훈
아들,20188892,2886902500,이영아
메소드,20219087,216276800,박준형
각설탕,20221207,7424957700,"오카와라 료"
"여고괴담 5",10057393,4158738000,이종용
헬머니,10040668,4122996972,신한솔
"위험한 상견례",10040668,19174920500,신한솔
가루지기,10040668,1777803000,신한솔
"싸움의 기술",10040668,7330992000,신한솔
화장,20112333,1074486100,송윤희
살인의뢰,20188569,6986456737,손용호
"사랑 따윈 필요 없어",20188569,2564487300,손용호
싸움,10079465,2195870500,"웬 무이"
"고녀석 맛나겠다2 : 함께라서 행복해",20191153,384800000,최경석
"에스엠타운 더 스테이지",20213186,284650500,배성상
"악의 연대기",10030346,17361815332,백운학
"잘못된 만남",10061970,308882000,정영배
챔피언,20218826,9471138230,"만스 베르다스"
"성실한 나라의 앨리스",10029380,349943500,박찬옥
소셜포비아,10029380,1977196563,박찬옥
파주,10029380,969489100,박찬옥
엄마,20218639,978382500,허윤희
곤지암,10061758,21442169144,정범식
워킹걸,10061758,1201963479,정범식
미쓰GO,10061758,4441859000,정범식
외톨이,10061758,476386500,정범식
기담,10061758,4124164500,정범식
"무서운 이야기 2",10061758,3393767500,정범식
"무서운 이야기",10061758,2452368566,정범식
하루,20218614,9072737842,강보경
하루,20218612,9072737842,최수녕
하루,20218611,9072737842,임민혁
마스터,20218610,58068236865,박지은
외톨이,10029120,476386500,박재식
"로보트 태권V(76년 디지털 복원판)",10006044,3617228000,김청기
하루,10031384,9072737842,변준석
비밀,10064691,369339300,"알렉스 윈클레어"
숨바꼭질,20127463,39602995500,최시영
보통사람,20217948,2956397623,손보경
모노폴리,10058032,2195709100,이항배
가족,20173661,8051239500,이필립
가족,20173661,1073144500,이필립
바람,20217449,746323500,강루
"끝까지 간다",20217448,27007303900,"지안귀도 스피넬리"
롤러코스터,20214546,1913087600,정상수
엄마,20217366,978382500,"주하 히피"
사랑,10054716,13446137500,이강천
"신이 보낸 사람",10060672,3068195600,장훈
가족,20189538,8051239500,정승현
가족,20189538,1073144500,정승현
만추,10004760,6330669900,김수용
표적,10072851,22256769300,최하원
"577 프로젝트",20113255,619287500,이근우
"당신이 잠든 사이에",20113255,447691500,이근우
"부러진 화살",10012433,25937216000,"델머 데이브스"
"너는 내 운명",10061882,17653752500,정소영
"아부의 왕",20147135,3511102500,안승혁
"7번방의 선물",10058252,91431950670,이환경
챔프,10058252,3850241300,이환경
각설탕,10058252,7424957700,이환경
"그놈은 멋있었다",10058252,2309055500,이환경
소셜포비아,10089518,1977196563,홍석재
실종,20189533,4346511500,장준엽
엄마,10001384,978382500,"바르테크 소잔스키"
상사부일체,10040856,5807823500,심승보
"그때 그 사람들",10060505,5777895500,장준석
형,10055865,23130188893,이상언
"무서운 이야기",20214594,2452368566,홍진솔
"무서운 이야기",20214593,2452368566,최정인
"무서운 이야기",20214592,2452368566,최유슬
"무서운 이야기",20214591,2452368566,김경현
"무서운 이야기",20214590,2452368566,전유림
감기,20214313,21774884000,권혜령
엄마,10022620,978382500,"마이크 그린"
"우리별 일호와 얼룩소",20177701,292031500,성준수
아이들...,20133684,13579712500,신찬비
"키다리 아저씨",10070267,2789824500,"진 네글레스코"
하루,10032740,9072737842,"레자 미르카리미"
"타짜-신의 손",10000946,32373120927,강형철
"타짜-신의 손",10000946,13217615777,강형철
"써니 감독판",10000946,698549500,강형철
써니,10000946,54035565100,강형철
과속스캔들,10000946,53800771400,강형철
"남자가 사랑할 때",20140752,14510222300,한동욱
신세계,20140752,34881330905,한동욱
"범죄와의 전쟁: 나쁜놈들 전성시대",20140752,36538823500,한동욱
부당거래,20140752,20996302500,한동욱
"주먹이 운다(Crying Fist)",20140752,9322812000,한동욱
"아라한 장풍대작전",20140752,5207878000,한동욱
"덕수리 5형제",10061527,1590807200,전형준
만추,10055333,6330669900,이만희
추격자,10055333,33986449500,이만희
"소중한 날의 꿈",20112027,361431100,한혜진
조선미녀삼총사,10029209,3471341321,박제현
"내 남자의 로맨스",10029209,4895975500,박제현
레드카펫,10028647,2405669580,박범수
몽타주,20143992,15002458500,정근섭
"완벽한 파트너",20209426,676141000,"코시자카 야스시"
동창생,10079164,7010197126,"다무라 코우스케"
외출,20211887,4376240500,강사라
외출,20211836,4376240500,안소윤
감기,20211834,21774884000,위승범
여배우들,10090909,3776407000,"제레미 허쉬"
썸,20211833,1488328000,이승준
가면,20207606,2139483000,김병학
비상,10058719,221371000,임유철
비상,10058719,217973600,임유철
피에타,20112401,4355592500,문시현
닥터,10004653,495574500,김성홍
실종,10004653,4346511500,김성홍
"바람의 파이터",10006351,8769832000,김형주
"바람의 파이터",10006351,9158945500,김형주
마녀,20157236,27242041463,유영선
"신의 한 수",10065847,28811011456,조범구
퀵,10065847,22960890000,조범구
뚝방전설,10065847,2132943200,조범구
빅매치,10072907,8952096578,최호
"고고 70",10072907,3865123500,최호
사생결단,10072907,10934307100,최호
골든슬럼버,10058053,11412768798,이해준
"나의 독재자",10058053,2907311546,이해준
"끝까지 간다",10058053,27007303900,이해준
김씨표류기,10058053,4736518000,이해준
"천하장사 마돈나",10058053,3552058700,이해준
"천하장사 마돈나",10058053,1652561200,이해준
남극일기,10058053,5478113500,이해준
"아라한 장풍대작전",10058053,5207878000,이해준
"안녕! 유에프오",10058053,250534000,이해준
다이빙벨,10043984,348540500,안해룡
"미씽: 사라진 여자",10057273,8882181256,이정범
"우는 남자",10057273,4924852800,이정범
"집으로 가는 길",10057273,13049026745,이정범
아저씨,10057273,39862180500,이정범
아저씨,10057273,47102707500,이정범
열혈남아,10057273,2834514800,이정범
인간중독,10003851,11284912400,김대우
방자전,10003851,22486492000,김대우
음란서생,10003851,14944528700,김대우
"아마존의 눈물",20100264,648292000,김진만
도희야,10062231,830984100,정주리
"조선명탐정: 흡혈괴마의 비밀",10004484,19822839764,김석윤
"조선명탐정 : 사라진 놉의 딸",10004484,30456879428,김석윤
"조선명탐정 : 각시투구꽃의 비밀",10004484,35841769500,김석윤
올드미스다이어리,10004484,4750247000,김석윤
맨홀,20153417,1084557130,신재영
"황제를 위하여",20113801,4754501771,박상준
"마을금고 연쇄습격사건",20113801,728085000,박상준
"슬로우 비디오",10005032,8913092219,김영탁
"헬로우 고스트",10005032,22056966500,김영탁
바보,10005032,6306680500,김영탁
"간 큰 가족",10005032,8212961893,김영탁
"좋은 친구들",20142138,3222101031,이도윤
마음이2,20142138,4630569000,이도윤
"방과후 옥상",20142138,4817252500,이도윤
가족,20142138,8051239500,이도윤
가족,20142138,1073144500,이도윤
해무(海霧),10040850,11688465619,심성보
엄마,20211148,978382500,안예지
페이스,10053694,1534151500,유상곤
손님,20112650,6385937880,이은영
"돈 크라이 마미",20136883,6808882099,문인수
청담보살,20136883,9599189500,문인수
"가족의 탄생",20166887,1220941000,"에드먼즈 얀손"
판도라,10045147,36067171064,"앨버트 르윈"
무법자,20209110,1221713500,"르네 페르즈"
마마,20208546,1642407500,고태욱
한공주,10056161,1784542300,이수진
카트,10031684,5928169433,부지영
"아부의 왕",10029224,3511102500,박종영
"나는 갈매기",10029224,703977000,박종영
"대한이, 민국씨",10029224,1188129500,박종영
알포인트,10029224,5714762000,박종영
알포인트,10029224,6792339000,박종영
신부수업,10029224,4255397500,박종영
미쓰GO,10029406,4441859000,박철관
러브픽션,10061220,13200412500,전계수
"네버엔딩 스토리",10062013,2106823000,정용주
"오로라 공주",10062013,5365343000,정용주
"더 테너 리리코 스핀토",10072727,391554441,최종현
그랑프리,10072727,1219746000,최종현
"어린 왕자",10072727,493278500,최종현
"나의 결혼원정기",10072727,3860195500,최종현
"헨젤과 그레텔",20205246,1970260500,"에이드리언 노블"
"자유의 언덕",20113594,318581827,강선영
창수,10037027,3146542000,송광호
"가문의 영광5 - 가문의 귀환",10037027,8330342500,송광호
"거북이 달린다",10037027,20618276000,송광호
"6월의 일기",10037027,3645962000,송광호
"간 큰 가족",10037027,8212961893,송광호
인형사,10037027,1324401000,송광호
페이스메이커,20115721,3443753000,김달중
"서울이 보이냐",20128775,309575000,맹관표
정글히어로,20192050,511579300,"마우리시오 드 라 오르타"
"신이 보낸 사람",20114292,3068195600,김진무
파파,10087753,4000072000,한지승
싸움,10087753,2195870500,한지승
"그녀를 믿지 마세요",10087753,1859615500,한지승
하루,10087753,9072737842,한지승
백프로,10004056,284106600,김명균
"너는 펫",20147796,3810103000,김도현
"찌라시: 위험한 소문",10003620,9111748087,김광식
"내 깡패 같은 애인",10003620,5028497000,김광식
엠,10055344,2775697500,이명세
"형사; Duelist",10055344,5845646000,이명세
재심,10006129,19266319637,김태윤
"또 하나의 약속",10006129,3541402400,김태윤
용의자X,10006129,11241013000,김태윤
"인사동 스캔들",10006129,7780811000,김태윤
"잔혹한 출근",10006129,2076522300,김태윤
설계,20179021,347980800,박창진
"넛잡: 땅콩 도둑들",20111790,3283310800,"피터 레페니오티스"
역린,20111735,29894157890,이재규
"더 킹",10064077,43488814535,"제임스 마쉬"
회사원,10056931,8321175000,이유빈
"찌라시: 위험한 소문",10056829,9111748087,이용호
경주,10002569,470675000,권혜민
"플라이 대디",10072725,2558112300,최종태
공모자들,20160047,7965119500,최원경
공모자들,20160047,12240964500,최원경
아이들...,20160047,13579712500,최원경
"구세주 2",20160047,773088000,최원경
"우리 형",20160047,11090682500,최원경
살인자,20185379,656849000,이기욱
"군도: 민란의 시대",10062186,36985578499,정재웅
"스승의 은혜",10053955,3474239000,유정환
마파도,10053955,16751202503,유정환
"우아한 거짓말",20111312,11727860300,유성엽
친정엄마,20111312,3311591000,유성엽
용의자,20125795,30037161000,임상윤
회사원,20125795,8321175000,임상윤
궁녀,20125795,9038167500,임상윤
"해부학 교실",20125795,3627352500,임상윤
"오래된 정원",20125795,1490000000,임상윤
해결사,10034568,13844624000,"아칸 사타예브"
만신,20112043,271945300,박찬경
"나는 아빠다",20120528,1246420500,강세진
캐치미,10058117,3396292000,이현종
도둑들,10045404,91872987000,"앙드레 테시네"
도둑들,10045404,93665632500,"앙드레 테시네"
마음이...,10029065,4639709300,박은형
정글히어로,20191806,511579300,박태동
노브레싱,20134129,2991824739,조용선
파랑주의보,20134129,1453890000,조용선
알포인트,20134129,5714762000,조용선
알포인트,20134129,6792339000,조용선
"더 게임",10012198,9807963501,"데이빗 핀처"
나탈리,10045760,1114062000,"앤 폰테인"
채비,20153388,1260533864,조영준
비밀,10006617,369339300,"끌로드 밀러"
런닝맨,10039306,10060239500,"스티븐 E. 드 수자"
살인소설,10038217,392591200,"스콧 데릭슨"
잠복근무,10048487,9590663500,"에밀리오 에스테베즈"
허밍,10028547,642352000,박대영
아파트,20159406,3460497800,이은상
"뷰티풀 선데이",20144020,1123934000,정성락
빈집,20189541,456077000,변성진
"은밀한 유혹",10067926,1137666247,"존 베리"
"사랑방 선수와 어머니",20143761,3286151000,한승훈
"누가 그녀와 잤을까?",20143761,2068632100,한승훈
"생, 날선생",20143761,1438331800,한승훈
데자뷰,10033029,360833100,"비주 비스와나스"
해바라기,20189128,7835485400,류보라
챔피언,10019317,9471138230,"리 스탠리"
목격자,10068625,21393452647,"존 허프"
"남쪽으로 튀어",10026359,5970851500,"모리타 요시미츠"
아수라,10026359,20579716662,"모리타 요시미츠"
레슬러,10031655,6481379657,"부다뎁 다스굽타"
"고산자, 대동여지도",10000783,7801007258,강우석
"고산자, 대동여지도",10000783,599122500,강우석
"더 파이브",10000783,5343797000,강우석
깡철이,10000783,8572344462,강우석
"전설의 주먹",10000783,12777314500,강우석
"로맨틱 헤븐",10000783,542739500,강우석
글러브,10000783,13756104000,강우석
퀴즈왕,10000783,4188846000,강우석
이끼,10000783,25437192500,강우석
"주유소 습격사건 2",10000783,5379208500,강우석
"용서는 없다",10000783,8597290000,강우석
백야행,10000783,7121437000,강우석
모던보이,10000783,4992149500,강우석
신기전,10000783,24326346000,강우석
신기전,10000783,4926508500,강우석
"강철중: 공공의 적 1-1",10000783,28638460100,강우석
"뜨거운 것이 좋아",10000783,3790477000,강우석
싸움,10000783,2195870500,강우석
궁녀,10000783,9038167500,강우석
"권순분여사 납치사건",10000783,9807862000,강우석
"지금 사랑하는 사람과 살고 있습니까?",10000783,7004658500,강우석
황진이,10000783,7763409000,강우석
아들,10000783,2886902500,강우석
"거룩한 계보",10000783,8759204600,강우석
한반도,10000783,20597497600,강우석
"오로라 공주",10000783,5365343000,강우석
"공공의 적 2",10000783,20091127000,강우석
"혈의 누",10000783,12367486506,강우석
"귀신이 산다",10000783,11898748500,강우석
"달마야, 서울 가자",10000783,4469579500,강우석
"아라한 장풍대작전",10000783,5207878000,강우석
"바람의 전설",10000783,636285500,강우석
"그녀를 믿지 마세요",10000783,1859615500,강우석
실미도,10000783,10923920500,강우석
"은밀하게 위대하게",10060556,48700887413,장철수
"김복남 살인사건의 전말",10060556,1251583200,장철수
"김복남 살인사건의 전말",10060556,440536500,장철수
신부수업,10060556,4255397500,장철수
사마리아,10060556,285182500,장철수
"더 웹툰: 예고살인",10005097,8537683070,김용균
"불꽃처럼 나비처럼",10005097,12302961500,김용균
분홍신,10005097,6768135000,김용균
"날, 보러와요",10057717,8836144063,이철하
폐가,10057717,1583312500,이철하
"사랑 따윈 필요 없어",10057717,2564487300,이철하
깡철이,10042824,8572344462,안권태
"눈에는 눈 이에는 이",10042824,13287054000,안권태
"우리 형",10042824,11090682500,안권태
"쓰리 몬스터",10085115,1159253000,"프루트 챈"
함정,20188750,2090877200,"프라카시 자"
돌연변이,10074133,748936684,"카탈린 괴드뢰스"
"다이노 타임",10068301,2108596800,"존 카프카"
베스트셀러,10068535,7983184500,"존 플린"
"소명 3 : 히말라야의 슈바이처",10040681,214133500,신현원
소명,10040681,611420000,신현원
"여고생 시집가기",10027791,357352000,민백두
"바람의 전설",10052582,636285500,"월터 리마 주니어"
"밤의 여왕",20159254,1762892500,오윤석
"뜨거운 안녕",20159254,315291000,오윤석
신세계,20159254,34881330905,오윤석
"원더풀 라디오",20159254,7255598000,오윤석
카운트다운,20159254,3630557000,오윤석
블라인드,20159254,18390012500,오윤석
퀵,20159254,22960890000,오윤석
맨홀,10079356,1084557130,"스즈이 타카유키"
"달콤한 거짓말",10081422,3122965500,"트리트 윌리엄스"
하류인생,10088237,1470927500,허원
워킹걸,10022626,1201963479,"마이크 니콜스"
우리들,10078157,340297960,"클라우디아 토마즈"
"범죄의 재구성",10079920,6132877000,"테오도로스 앙겔로플로스"
신데렐라,10016909,3333808000,"로버트 이스코브"
마더,10017730,19967462500,"로저 미첼"
부산,10055906,1172970000,이상철
"두 얼굴의 여친",10040487,4586849000,신아가
"방과후 옥상",10040487,4817252500,신아가
행복,10041121,7737599000,"아녜스 바르다"
알포인트,10087738,5714762000,한종훈
알포인트,10087738,6792339000,한종훈
태풍태양,20112662,304884500,이사무엘
폭풍전야,10004423,387323000,김상우
"Mr.로빈 꼬시기",10004423,3990360200,김상우
공범,10002283,12333110882,국동석
"내 사랑 내 곁에",10002283,15584755500,국동석
"그놈 목소리",10002283,17598617600,국동석
"너는 내 운명",10002283,17653752500,국동석
하류인생,10002283,1470927500,국동석
사마리아,20141449,285182500,고락중
"호로비츠를 위하여",10057304,2813074600,이정원
만추,20145264,6330669900,"리치 코원"
"너는 펫",10080763,3810103000,"타카나리 마호코"
페이스,10043843,1534151500,"안토니아 버드"
"은밀한 유혹",10081865,1137666247,"팀 파이웰"
마스터,10085569,58068236865,"피오트르 트자스칼스키"
닥터,20185555,495574500,배현지
하녀,10007487,17038639000,남궁선
꼭두각시,10046942,227941500,양선우
감기,10062251,21774884000,정지연
비밀,10079413,369339300,"타키타 요지로"
오피스,10002887,3460460230,"그렉 다니엘스"
오피스,10075936,3460460230,"켄 콰피스"
바람,20185047,746323500,"로버트 로벨"
꼭두각시,20141134,227941500,권영락
구타유발자들,20141134,934380300,권영락
"소년, 천국에 가다",20141134,1258000500,권영락
"돈 크라이 마미",10054329,6808882099,윤선희
"그림자 살인",10054329,12659065000,윤선희
"서양 골동 양과자점 앤티크",10054329,7420399500,윤선희
"달콤한 거짓말",10062208,3122965500,정정화
"광식이 동생 광태",10062208,12811265009,정정화
맹부삼천지교,10062208,1424995500,정정화
"뜨거운 안녕",20129750,315291000,남택수
"내 사랑",10042478,6315244000,"에이슬링 월쉬"
엄마,20184539,978382500,"케빈 마나치"
엄마,20184538,978382500,"위고 비앙브뉘"
"뜨거운 것이 좋아",20114312,3790477000,양정호
"은밀한 유혹",10016593,1137666247,"로버트 레드포드"
"그림자 살인",10041471,12659065000,"아두르 고팔라크리쉬난"
"언니가 간다",10005983,947570700,김창래
"오로라 공주",10005983,5365343000,김창래
챔피언,10005983,9471138230,김창래
닥터,20184068,495574500,김유정
26년,20127963,21242367145,변해운
화차,10031365,18459203000,변영주
"발레 교습소",10031365,531276500,변영주
"두 번의 결혼식과 한 번의 장례식",10029649,380012644,반주영
"엽기적인 그녀 2",10022589,594260900,마위호
"좋은 친구들",10047264,3222101031,"어윈 윙클러"
데이지,10070381,5754065300,진가상
카운트다운,10068073,3630557000,"존 스톡웰"
회사원,20129092,8321175000,박재웅
수,10072451,1208282000,최양일
스파이,10083870,24509278305,"폴 페이그"
"달빛 길어올리기",20112075,362910000,김건
"너는 펫",10073254,3810103000,"카네코 후미노리"
"나의 결혼원정기",10028585,3860195500,박루슬란
한반도,10043369,20597497600,안성곤
게이트,20115123,821271100,"티보 타카스"
사냥,10073546,4912658515,"카를로스 사우라"
간기남,10006353,9356404500,김형준
"용서는 없다",10006353,8597290000,김형준
공필두,10006353,958576600,김형준
"키다리 아저씨",10006353,2789824500,김형준
오피스,10048860,3460460230,"에이미 헥커링"
몬스터,10050865,4138207515,"오오쿠 아키코"
"자칼이 온다",20136859,1430079500,이주헌
"미확인 동영상 : 절대클릭금지",20111601,5939840500,김태경
므이,20111601,1067080000,김태경
령,20111601,3554937000,김태경
"돈 크라이 마미",10005148,6808882099,김용한
썸,10005148,1488328000,김용한
하루,10046602,9072737842,"마키하라 료타로"
"7년의 밤",10072983,3969337524,추창민
"광해, 왕이 된 남자",10072983,88908642769,추창민
"그대를 사랑합니다",10072983,12042571000,추창민
"사랑을 놓치다",10072983,2961381000,추창민
마파도,10072983,16751202503,추창민
"마당을 나온 암탉",20113131,14670355000,김선아
"후궁 : 제왕의 첩",10004151,19330302500,김미정
궁녀,10004151,9038167500,김미정
"왕의 남자",10004151,66014775400,김미정
"두 개의 달",10003947,2949348748,김동빈
"레드 아이",10003947,1313457500,김동빈
연가시,10003753,32175400664,김길형
"식객2 : 김치전쟁",10003753,3243969500,김길형
쏜다,10003753,1945217400,김길형
도마뱀,10003753,2307824200,김길형
"바람의 전설",10003753,636285500,김길형
사도,20179725,48844889501,"페르난도 코르티조"
"아부의 왕",10061917,3511102500,정승구
밀양,10061917,10267556000,정승구
"비열한 거리",10061917,11664597600,정승구
대결,10059405,251176500,"자크 리베트"
"나는 공무원이다",10002240,1538400500,구자홍
"마지막 늑대",10002240,303851500,구자홍
"점박이:한반도의 공룡3D",20113871,9621468000,고석진
기생령,20113871,750901000,고석진
가면,20113871,2139483000,고석진
홀리데이,20113871,7885116000,고석진
"바람의 파이터",20113871,8769832000,고석진
"바람의 파이터",20113871,9158945500,고석진
미운오리새끼,10050107,285969000,"오노 사야카"
사랑,10073811,13446137500,"카비르 바티아"
"남과 여",10078409,1651122533,"끌로드 를르슈"
야수,10004597,5339725500,김성수
스파이,20128609,24509278305,이승준
실종,10018065,4346511500,"론 하워드"
아수라,20173550,20579716662,"사토 케이이치"
챔프,10020721,3850241300,"릭 슈로더"
"소년은 울지 않는다",10078916,601853500,"킴벌리 피어스"
차형사,10040658,9752555296,신태라
"7급 공무원",10040658,26380710000,신태라
"검은 집",10040658,8842295700,신태라
"내 남자의 로맨스",10040658,4895975500,신태라
올드보이,10039672,1928502500,"스파이크 리"
귀향,10086667,27248705990,"하기우다 코지"
범죄도시,10031745,56322098349,"브라이언 굿맨"
사과,10034111,384127000,"사미라 마흐말마프"
전국노래자랑,10057531,6687636000,"이즈츠 카즈유키"
"블랙 가스펠",20177881,367328500,"히즈엠티 선교회"
데자뷰,10080135,360833100,"토니 스콧"
몽정기2,10062335,5110555000,정초신
아들,10035303,2886902500,심가상
"해부학 교실",10036948,3627352500,손태웅
외출,20176236,4376240500,전소현
"쓰리 몬스터",10027427,1159253000,"미이케 다카시"
목격자,20175780,21393452647,"피터 바닐라"
"적과의 동침",10072489,1740340000,최영태
"눈에는 눈 이에는 이",20135269,13287054000,조은성
"색즉시공 시즌2",20135269,13466476000,조은성
써니,10043339,54035565100,안병기
과속스캔들,10043339,53800771400,안병기
"2월 29일 - 어느날 갑자기 첫번째 이야기",10043339,354839000,안병기
아파트,10043339,3460497800,안병기
분신사바,10043339,3827484000,안병기
"마법천자문: 대마왕의 부활을 막아라",20154489,776385500,박민
로망스,10001291,2376146100,"게오르그 쒸제벨"
해결사,20156933,13844624000,김재민
"펜트하우스 코끼리",20156933,1077451000,김재민
"우리 집에 왜 왔니",20156933,1411607500,김재민
"2월 29일 - 어느날 갑자기 첫번째 이야기",20031968,354839000,정종훈
"범죄의 재구성",20031968,6132877000,정종훈
괴물,20173908,64802996000,유사우
괴물,20173908,66715881300,유사우
엠,20173650,2775697500,"토니 바비에리"
가면,20173341,2139483000,"안드로 마르티노비치"
"마당을 나온 암탉",10002364,14670355000,권미정
게이트,20173022,821271100,박효섭
허스토리,10061346,2500814949,전승훈
허스토리,10056952,2500814949,이윤미
함정,10059656,2090877200,"장 들라누와"
하울링,10064985,11765293500,"조 단테"
하루,20172440,9072737842,유승권
파파로티,10054502,11825934000,윤종찬
청연,10054502,3106648400,윤종찬
프리즌,10080482,23790276987,"토마스 샌델"
표적,10064623,22256769300,"제프 버로우즈"
"로마의 휴일",10053227,993321176,"윌리엄 와일러"
"퍼펙트 게임",10053081,11220408500,"윌리엄 디어"
마더,10038066,19967462500,"스와 노부히로"
코리아,10053590,13448848500,유두연
트럭,10021417,3730899000,"마르그리트 뒤라스"
트럭,20171940,3730899000,"크리스 톰슨"
트릭,10083622,297957300,"폴 버호벤"
숨바꼭질,10068508,39602995500,"존 폴슨"
터널,10038756,56792964517,"스테판 아르세니제비치"
터널,10038756,57530028417,"스테판 아르세니제비치"
해바라기,10033078,7835485400,"비토리오 데 시카"
타워,10020297,37654858000,"리차드 클레터"
아파트,20171634,3460497800,"헤만 마두카"
형,10068777,23130188893,종소웅
크로싱,10067169,5639910500,"조지 오길비"
박수건달,10067346,28379548569,조진규
조폭마누라3,10067346,8851336500,조진규
어깨동무,10067346,753985500,조진규
잠복근무,10067881,9590663500,"존 바담"
"좋은 친구들",10024735,3222101031,"마틴 스콜세지"
"비열한 거리",10024735,11664597600,"마틴 스콜세지"
카운트다운,10016841,3630557000,"로버트 알트만"
카운트다운,10077814,3630557000,"크리스티나 사라스와티"
침묵,10059012,3930219264,"잉마르 베리만"
침묵,10088095,3930219264,"해리 위너"
침묵,20171120,3930219264,"쇼다 유키히로"
애인,10089529,625824000,홍성기
요가학원,20111223,1927358500,유주현
"사라진 밤",20166555,10697981316,이창희
카트,10001881,5928169433,"골람 레자 라메자니"
집행자,10024105,2935796000,"마크 로스만"
천군,10002499,5852391000,권일수
집행자,10078519,2935796000,"클린트 이스트우드"
"두 남자",10003692,459566121,김기
"달빛 길어올리기",20031742,362910000,박성진
"이층의 악당",20031742,4271750500,박성진
"달콤한 거짓말",20031742,3122965500,박성진
천년학,20031742,847948500,박성진
용의자,10028788,30037161000,박성호
용의자,10060028,30037161000,장견정
오늘,10077748,713525000,"크리스토퍼 켈너"
오늘,20170260,713525000,"란 시에라즈키"
괴물,10068299,64802996000,"존 카펜터"
괴물,10068299,66715881300,"존 카펜터"
트릭,10083791,297957300,"폴 질러"
"가족의 탄생",20169842,1220941000,"샤시 란잔"
그랑프리,10068515,1219746000,"존 프랑켄하이머"
용의자,10055150,30037161000,이동승
"로맨틱 아일랜드",10000900,1006594000,강철우
투사부일체,10000900,31959686000,강철우
"B형 남자친구",10000900,7324579000,강철우
공작,10001742,42267898976,고장위
박쥐,10072701,14835559500,최정은
"세븐 데이즈",10072701,13720377000,최정은
데이지,10053875,5754065300,유위강
열혈남아,10053875,2834514800,유위강
형,20156887,23130188893,"얀얀 막"
추격자,20127588,33986449500,"윌리암 제카"
"더 킥",20114042,351561500,"프라챠 핀카엡"
미나문방구,10062130,2247017000,정익환
"적과의 동침",10062130,1740340000,정익환
"킹콩을 들다",10062130,8851802500,정익환
"기다리다 미쳐",10062130,2865110500,정익환
몬스터,20128531,4138207515,"에릭 이스튼버그"
"인피니트 콘서트 세컨드 인베이전 에볼루션 더 무비 3D",20111906,412379000,손석
카운트다운,10075624,3630557000,"키오니 왁스먼"
어느날,20128948,1846581582,김정화
가족,20128991,8051239500,신동창
가족,20128991,1073144500,신동창
공범,10071589,12333110882,장영치
아파트,20121309,3460497800,"아론 골드핑거"
"세븐 데이즈",10083085,13720377000,"페르난도 칼리페"
"달콤한 인생",10082985,7233790500,"페데리코 펠리니"
해결사,20167280,13844624000,"니쉬칸트 카마트"
소명,10072639,611420000,최인현
"왕후 심청",10007878,418744000,"넬슨 신"
사랑니,10050584,867603000,오영필
시,20166742,1542788950,윤이나
"소중한 날의 꿈",20161801,361431100,이영웅
어느날,20166540,1846581582,박준형
허스토리,20166523,2500814949,김영진
허스토리,20166522,2500814949,김혜숙
"해피 에로 크리스마스",10054723,459220000,이건동
"집으로 가는 길",20165728,13049026745,이민정
"파송송 계란탁",10057428,6292855500,이주민
"고死 두 번째 이야기: 교생실습",10053709,5802318000,유선동
"미스터 주부퀴즈왕",10053709,2106892000,유선동
"아라한 장풍대작전",10053709,5207878000,유선동
"6년째 연애중",10005328,7422697000,김은숙
"그해 여름",10005328,1744090200,김은숙
"백만장자의 첫사랑",10005328,3375971500,김은숙
빙우,10005328,363240500,김은숙
"천국의 우편배달부",10058148,637892500,이형민
"구미호 가족",10058138,877984800,이형곤
푸른소금,10058106,5739824500,이현승
"여교수의 은밀한 매력",10057981,3926917300,이하
"티끌모아 로맨스",10005640,2942253500,김정환
페이스,10055360,1534151500,이명하
회복,10005708,1110827000,김종철
"만남의 광장",10005705,7819284000,김종진
"우리 생애 최고의 순간",20110735,26119699000,박상현
사생결단,20110735,10934307100,박상현
"그때 그 사람들",20110735,5777895500,박상현
"안녕! 유에프오",20110735,250534000,박상현
보통사람,10005791,2956397623,김준현
헤드,10066758,462025000,조운
"마이 웨이",10058191,15995187000,이혜영
"더 킹",10058191,43488814535,이혜영
비상,10058191,221371000,이혜영
비상,10058191,217973600,이혜영
"여자는 남자의 미래다",10004950,778685500,김영남
"전설의 고향",10005880,2246522500,김지환
"안녕! 유에프오",10005907,250534000,김진민
"열한번째 엄마",20064125,2069922500,김진성
"킬 미",10047074,386192500,양종현
"파송송 계란탁",20111292,6292855500,오상훈
가족,20128990,8051239500,김승훈
가족,20128990,1073144500,김승훈
"여고생 시집가기",10050165,357352000,오덕환
마음이...,10050150,4639709300,오달균
"손님은 왕이다",10050085,975730600,오기현
"구세주 2",20113681,773088000,예윤희
귀여워,10005595,327192000,김정욱
최강로맨스,10005593,6931136500,김정우
구세주,10005593,10087308700,김정우
아이스케키,10049776,2119494000,여인광
"신석기 블루스",10004766,1797632500,김수정
"내 사랑 내 곁에",10072551,15584755500,최원섭
포화속으로,10062149,23831958600,정인희
"당신이 잠든 사이에",10005562,447691500,김정민
"검은 집",10051959,8842295700,용이
다세포소녀,10051959,2862391500,용이
새드무비,10051959,5628200500,용이
"S 다이어리",10051959,7024070500,용이
올드보이,10051959,1928502500,용이
"열한번째 엄마",20111309,2069922500,오태훈
"좋지 아니한가",20111309,1849140000,오태훈
령,20111309,3554937000,오태훈
...ing,20111309,217269000,오태훈
마음이2,10057321,4630569000,이정철
가족,10057321,8051239500,이정철
가족,10057321,1073144500,이정철
카운트다운,10002397,3630557000,권성국
"눈부신 날에",10002397,1729412500,권성국
"원탁의 천사",10002397,2224107100,권성국
"펜트하우스 코끼리",10061916,1077451000,정승구
크로싱,10061916,5639910500,정승구
백야행,10028891,7121437000,박신우
바람,10058746,746323500,임장업
"7급 공무원",20112657,26380710000,임성현
"연애의 목적",10058763,9846423390,임정빈
국가대표,10028780,57570773000,박성준
복면달호,10028780,9008143000,박성준
"김관장 대 김관장 대 김관장",10028754,5575404600,박성균
"사랑방 선수와 어머니",10058676,3286151000,임영성
무영검,10058676,3306109500,임영성
하녀,20156903,17038639000,"타사카 토모타카"
마강호텔,10072366,1247345300,최성철
"그녀를 믿지 마세요",10072366,1859615500,최성철
"사랑이 무서워",10062030,3020062500,정우철
해운대,10062030,81025004000,정우철
"첼로-홍미주 일가 살인사건",10062030,985067500,정우철
라이어,10062030,706033000,정우철
"사랑하니까, 괜찮아",10006107,1296756200,김태연
"키다리 아저씨",20123841,2789824500,윤주영
"지구대표 롤링스타즈",20112262,230047000,임상준
신암행어사,20112262,251079500,임상준
망치,20112262,209407500,임상준
요가학원,10054469,1927358500,윤재연
"심장이 뛴다",10054465,7624895500,윤재근
순정만화,10054465,4682641000,윤재근
"마이 뉴 파트너",10054465,1699031500,윤재근
"꽃피는 봄이 오면",10054465,3201626000,윤재근
"더 게임",10054453,9807963501,윤인호
"아홉살 인생",10054453,527412000,윤인호
"잔혹한 출근",10054443,2076522300,윤은정
까불지마,10054443,999160000,윤은정
애인,10054434,625824000,윤용훈
"시실리 2km",10054434,7340447000,윤용훈
"시실리 2km",10054434,8049487000,윤용훈
회초리,10054407,479093000,윤영빈
불신지옥,10054407,1795734500,윤영빈
"마법천자문: 대마왕의 부활을 막아라",10054403,776385500,윤영기
"아치와 씨팍",10054403,640343800,윤영기
"카리스마 탈출기",10002348,532419300,권남기
"레드 아이",10002348,1313457500,권남기
"B형 남자친구",10072311,7324579000,최석원
된장,10055934,334175900,이서군
집행자,10044745,2935796000,"알렉세이 미스기레프"
"6월의 일기",10058461,3645962000,임경수
"울지마, 톤즈",20100530,2524656000,구수환
"오직 그대만",10037178,7591008500,송일곤
거미숲,10037178,273950500,송일곤
"스승의 은혜",10090222,3474239000,황유식
"호로비츠를 위하여",10090222,2813074600,황유식
엄마,10002170,978382500,구성주
몬스터,20153398,4138207515,김정호
만추,10028615,6330669900,박미나
마파도2,20111465,8362778700,이상훈
"돈 텔 파파",20111465,3481025000,이상훈
"돈 텔 파파",20111465,902219500,이상훈
황진이,20113335,7763409000,이윤석
마음이2,10053930,4630569000,유재완
"내 눈에 콩깍지",10057171,400965500,이장수
골든슬럼버,10007941,11412768798,노동석
가비,10060414,1969360500,장윤현
황진이,10060414,7763409000,장윤현
한반도,10060414,20597497600,장윤현
"손님은 왕이다",10060414,975730600,장윤현
"썬데이 서울",10060414,227157000,장윤현
"공공의 적 2",10060414,20091127000,장윤현
썸,10060414,1488328000,장윤현
알포인트,10060414,5714762000,장윤현
알포인트,10060414,6792339000,장윤현
라이어,10060414,706033000,장윤현
푸른소금,10053697,5739824500,유상헌
회초리,10028462,479093000,박광우
"사랑방 선수와 어머니",20113592,3286151000,송종훈
"주먹이 운다(Crying Fist)",20113592,9322812000,송종훈
"적과의 동침",10028404,1740340000,박건용
"킹콩을 들다",10028404,8851802500,박건용
태풍,10028404,22209675300,박건용
"당신이 잠든 사이에",20113300,447691500,박건록
"GP 506",10001898,6316842000,공수창
알포인트,10001898,5714762000,공수창
알포인트,10001898,6792339000,공수창
"슬픔보다 더 슬픈 이야기",10052528,4724214000,원태연
연애술사,10071869,6383653500,천세환
"내 남자의 로맨스",10071869,4895975500,천세환
"태극기 휘날리며",10071869,15687180500,천세환
"신석기 블루스",10001794,1797632500,고태정
허브,20069347,7652767000,고주영
"사랑을 놓치다",20069347,2961381000,고주영
인형사,20069347,1324401000,고주영
"달마야, 서울 가자",10035875,4469579500,성일석
"잘 알지도 못하면서",20121268,274134500,문혜성
19-Nineteen,10060364,209955500,장용우
"신석기 블루스",10003913,1797632500,김도혁
"훈장과 악동들",20114652,213784000,김봉곤
회초리,20114652,479093000,김봉곤
"우리들의 행복한 시간",10004338,14938458000,김보정
"바람 바람 바람",10060063,9784385375,장규성
"나는 왕이로소이다",10060063,5454304904,장규성
"이장과 군수",10060063,7594186000,장규성
"여선생 VS 여제자",10060063,5265267506,장규성
"두 사람이다",10001414,1505964500,경지숙
"스승의 은혜",10001414,3474239000,경지숙
"생, 날선생",10026050,1438331800,명중오
낭만자객,10026050,312851500,명중오
다세포소녀,10062168,2862391500,정자영
"흡혈형사 나도열",10000680,9693558300,강성룡
"극장판 꼬마버스 타요의 에이스 구출작전",10019108,898808000,류정우
"마당을 나온 암탉",10019108,14670355000,류정우
"천년여우 여우비",10019108,2496355500,류정우
"싸움의 기술",20128940,7330992000,변승현
"효자동 이발사",20128940,4855872900,변승현
"고양이: 죽음을 보는 두 개의 눈",10031359,4780632000,변승욱
"사랑할 때 이야기하는 것들",10031359,1251587700,변승욱
"동해물과 백두산이",10061843,1041877500,정성산
해결사,10002556,13844624000,권혁재
해운대,10002556,81025004000,권혁재
다찌마와리,10002556,4114057000,권혁재
짝패,10002556,6585188500,권혁재
"아라한 장풍대작전",10002556,5207878000,권혁재
"우리 동네",10061632,2463752000,정길영
비밀애,10002520,1206812000,권지연
"눈부신 날에",10002520,1729412500,권지연
"기다리다 미쳐",10019071,2865110500,류승진
"미스터 주부퀴즈왕",10019071,2106892000,류승진
"댄서의 순정",10019071,11674131000,류승진
Mr.아이돌,10014295,515508500,라희찬
"바르게 살자",10014295,13944930000,라희찬
"박수칠 때 떠나라",10014295,13181626500,라희찬
"아는 여자",10014295,4686013500,라희찬
"완벽한 파트너",10058950,676141000,임희대
수,10058950,1208282000,임희대
"고고 70",20110834,3865123500,백배정
"우리 생애 최고의 순간",20110834,26119699000,백배정
사생결단,20110834,10934307100,백배정
"식객2 : 김치전쟁",10030285,3243969500,백동훈
"자칼이 온다",10030256,1430079500,배형준
"소년은 울지 않는다",10030256,601853500,배형준
"그녀를 믿지 마세요",10030256,1859615500,배형준
황진이,10030242,7763409000,배창호
"오직 그대만",10008255,7591008500,노홍진
거미숲,10008255,273950500,노홍진
나탈리,10068856,1114062000,주경중
"어린 왕자",10058836,493278500,임진평
중천,20126213,8581442100,배광수
주홍글씨,20126213,6648786000,배광수
"꿈은 이루어진다",10001421,718090000,계윤식
조폭마누라3,10001421,8851336500,계윤식
"국경의 남쪽",10043981,1431751800,안판석
"잘 살아보세",10043769,1415274100,안진우
"동해물과 백두산이",10043769,1041877500,안진우
"아빠가 여자를 좋아해",10054845,1243136000,이광재
"내 남자의 로맨스",10054845,4895975500,이광재
돌려차기,10007526,253673000,남상국
"티끌모아 로맨스",10007514,2942253500,남동협
베스트셀러,10007514,7983184500,남동협
"내 사랑",10007514,6315244000,남동협
"1번가의 기적",10007514,15494034100,남동협
연리지,10007514,696954300,남동협
어깨동무,10007514,753985500,남동협
"천년여우 여우비",10000928,2496355500,강한영
라이어,10000928,706033000,강한영
"마당을 나온 암탉",10043057,14670355000,안동희
"나는 아빠다",10061259,1246420500,전만배
"대한민국 1%",10061259,2244690500,전만배
부산,20110868,1172970000,박지원
"생, 날선생",10003968,1438331800,김동욱
"썬데이 서울",10003968,227157000,김동욱
거미숲,10003968,273950500,김동욱
"반가운 살인자",10003966,4285830500,김동욱
비상,20111081,221371000,박정훈
비상,20111081,217973600,박정훈
특수본,10090086,8096052500,황병국
의뢰인,10090086,17797131500,황병국
부당거래,10090086,20996302500,황병국
해결사,10090086,13844624000,황병국
"나의 결혼원정기",10090086,3860195500,황병국
"결정적 한방",10029288,439400000,박중구
"사랑하니까, 괜찮아",10004215,1296756200,김민정
집행자,10072796,2935796000,최진호
"마지막 선물",10072796,1740290500,최진호
남자사용설명서,10072794,3606654257,최진원
체포왕,10072794,6413325500,최진원
불량남녀,10072794,3562190000,최진원
"울학교 이티",10072794,4159767500,최진원
"대한이, 민국씨",10072794,1188129500,최진원
"미스터 소크라테스",10072794,6765653000,최진원
까불지마,10072794,999160000,최진원
신기전,10005256,24326346000,김유진
신기전,10005256,4926508500,김유진
된장,10054560,334175900,윤태식
10억,10065839,3107403000,조민호
강적,10065839,1956841000,조민호
"뜨거운 것이 좋아",10004085,3790477000,김명화
불량남녀,10040268,3562190000,신근호
"브라보 마이 라이프",10040268,460596500,신근호
도레미파솔라시도,20100071,1185999000,강건향
"늑대의 유혹",20100071,8023653000,강건향
퀴즈왕,10006482,4188846000,김효민
커플즈,10000613,2705566500,강민석
"마법천자문: 대마왕의 부활을 막아라",20113773,776385500,김두한
"아마존의 눈물",10088475,648292000,허태정
흑심모녀,10065518,389374500,조남호
"연애의 목적",10065518,9846423390,조남호
"안녕, 형아",10058881,5614875500,임태형
"강력 3반",20111130,5053205500,손희창
"귀신이 산다",20111130,11898748500,손희창
"마이 블랙 미니드레스",10088424,2318884500,허인무
허브,10088424,7652767000,허인무
신부수업,10088424,4255397500,허인무
"이층의 악당",10036907,4271750500,손재곤
"달콤, 살벌한 연인",10036907,13426707100,손재곤
"1번가의 기적",10035846,15494034100,성보희
야수,10035846,5339725500,성보희
"마법천자문: 대마왕의 부활을 막아라",20111737,776385500,선지연
"천년여우 여우비",20111737,2496355500,선지연
엄마,20121278,978382500,안명환
"작은 연못",10056197,311840500,이순우
"극장판 프리파라 모두 모여라! 프리즘☆투어즈",20129369,272684800,"히시다 마사카즈"
"죽어도 해피엔딩",10000497,1190809000,강경훈
"미녀는 괴로워",10000497,36292848900,강경훈
사과,10000497,384127000,강경훈
"작업의 정석",10000497,11706585100,강경훈
"이대로, 죽을 순 없다(Short Time)",10000497,4266661500,강경훈
챔프,10084511,3850241300,"프랑코 제피렐리"
신데렐라,10088185,3333808000,"해밀튼 러스크"
로망스,10006599,2376146100,"카트린느 브레이야"
챔피언,10024114,9471138230,"마크 로브슨"
그랑프리,10056682,1219746000,이영재
"킬 미",10056682,386192500,이영재
형,10029005,23130188893,박우상
차이나타운,10029005,11990707878,박우상
무법자,10006039,1221713500,김철한
"흡혈형사 나도열",10056344,9693558300,이시명
"DMZ, 비무장지대",10054898,659079000,이규형
"소년, 천국에 가다",10054562,1258000500,윤태용
그랑프리,20114585,1219746000,"이보 카프리노"
하루,20114483,9072737842,박재범
애인,10006132,625824000,김태은
화장,10006083,1074486100,김태규
무도리,10058152,363899000,이형선
"두 여자",10062084,967522000,정윤수
"아내가 결혼했다",10062084,12062180000,정윤수
"지금 사랑하는 사람과 살고 있습니까?",10062084,7004658500,정윤수
연리지,10004627,696954300,김성중
"멋진 하루",20112003,2586052500,박지은
순정,10005672,1738293033,김종래
"죽이고 싶은",10004449,952555500,김상화
만추,10005615,6330669900,김정철
바람,10027851,746323500,민제휘
"너는 펫",10004266,3810103000,김병곤
잠복근무,20113251,9590663500,이정욱
외출,20113122,4376240500,정숙영
황진이,10002238,7763409000,구임서
실종,20110636,4346511500,박성배
히트,10056055,783919500,이성한
바람,10056055,746323500,이성한
스페어,10056055,287654500,이성한
아파트,10018288,3460497800,"루나 김"
괴물,20111918,64802996000,류성규
괴물,20111918,66715881300,류성규
대결,20110247,251176500,"알랑 드롱"
연리지,20111806,696954300,박철진
"아마존의 눈물",10006313,648292000,김현철
귀향,10056675,27248705990,이영우
"4교시 추리영역",20111442,459533500,이상용
해결사,10054296,13844624000,윤삼육
동창생,10054296,7010197126,윤삼육
해결사,10040529,13844624000,신우철
사과,20111795,384127000,정철
"동갑내기 과외하기 레슨 2",10006423,3309177500,김호정
"마지막 선물",10005018,1740290500,김영준
무영검,10005018,3306109500,김영준
챔프,10078940,3850241300,"킹 비더"
"작은 연못",20111445,311840500,이상우
코리아,10058040,13448848500,이해랑
외출,10060458,4376240500,장재진
빙우,10060458,363240500,장재진
"이대로, 죽을 순 없다(Short Time)",10056678,4266661500,이영은
"형사; Duelist",20110102,5845646000,이세련
페이스,20110102,1534151500,이세련
"돌이킬 수 없는",10000210,465532500,"가스파 노에"
닥터,10014556,495574500,"랜다 헤인즈"
차이나타운,10016457,11990707878,"로만 폴란스키"
런닝맨,10018221,10060239500,"롭 코헨"
아들,10019001,2886902500,"뤽 다르덴"
실종,10021387,4346511500,"마렉 카니브스카"
히트,10023004,783919500,"마이클 만"
애인,10029555,625824000,박호태
"남과 여",10029555,1651122533,박호태
동창생,10029555,7010197126,박호태
"바람과 함께 사라지다",10033202,33243273161,"빅터 플레밍"
"바람과 함께 사라지다",10033202,34614661161,"빅터 플레밍"
손님,10035655,6385937880,서태수
무적자,10039063,11629780500,"스티브 바네트"
"두 남자",10042229,459566121,"아서 힐러"
대결,10042767,251176500,"아흐마드 레자 다르비쉬"
"은밀한 유혹",10045519,1137666247,"애드리안 라인"
인랑,10050896,6994722173,"오키우라 히로유키"
열혈남아,10051499,2834514800,왕가위
"시체가 돌아왔다",10052136,7360631000,우선호
신데렐라,10053456,3333808000,"윌프레드 잭슨"
집행자,10053472,2935796000,"윙스 하우저"
실종,10054479,4346511500,윤정신
"더 킹",10057754,43488814535,이충영
아들,10059951,2886902500,"장 피에르 다르덴"
대결,10059968,251176500,"장 피에르 멜빌"
박수건달,10061960,28379548569,정연원
"나두야 간다",10061960,1215167500,정연원
"적과의 동침",10066049,1740340000,"조셉 루벤"
데자뷰,10067361,360833100,조창열
"쓰리 몬스터",10070383,1159253000,진가신
닥터,10077956,495574500,"크리스틴 라티"
신데렐라,10078238,3333808000,"클라이드 제로니미"
집행자,10079641,2935796000,"테드 포스트"
게이트,10080452,821271100,"토마스 바모스"
집행자,10081810,2935796000,"팀 스프링"
"두 번째 사랑",10082007,655033000,"파미가 베라"
몬스터,10082849,4138207515,"팻티 젠킨스"
귀향,10083006,27248705990,"페드로 알모도바르"
하이힐,10083006,2750311500,"페드로 알모도바르"
파이스토리,10083410,1306030500,"폭스 존"
엠,10085154,2775697500,"프리츠 랑"
스파이,10085154,24509278305,"프리츠 랑"
외출,10089911,4376240500,홍파
"극장판 꼬마버스 타요의 에이스 구출작전",20127322,898808000,NULL
NULL,NULL,43649861500,NULL
NULL,NULL,27446302382,NULL
NULL,NULL,13896958616,NULL
NULL,NULL,10478875438,NULL
NULL,NULL,4999149100,NULL
NULL,NULL,2879121115,NULL
NULL,NULL,2333597000,NULL
NULL,NULL,2248238000,NULL
NULL,NULL,1158210500,NULL
NULL,NULL,781692500,NULL
NULL,NULL,364405500,NULL
NULL,NULL,250962000,NULL
