﻿pro_rank,title,open_date,total_profit,ticket,total_ticket,screen,screen_shot,make_c,dist_c,mov_class,genre,director,actor,actorS,D,DsumP,DavgP,DminP,DmaxP,mc,MsumP,MavgP,MminP,MmaxP,A,AsumP,AavgP,AminP,AmaxP,Ass,ASsumP,ASavgP,ASminP,ASmaxP
23,1987,2017.12.27,58167040145,7231856,7231856,1299,138220,(주)우정필름,씨제이이앤엠(주),15세이상관람가,드라마,장준환,김윤석,하정우,장준환,58167040145,58167040145,58167040145,58167040145,(주)우정필름,58167040145,58167040145,58167040145,58167040145,김윤석,58167040145,58167040145,58167040145,58167040145,하정우,58167040145,58167040145,58167040145,58167040145
676,1급기밀,2018.1.24,1728722300,218808,218808,512,11359,"(주)미인픽쳐스,(주)미디어모굴",(주)리틀빅픽쳐스,12세이상관람가,드라마,홍기선,김상경,김옥빈,홍기선,1728722300,1728722300,1728722300,1728722300,"(주)미인픽쳐스,(주)미디어모굴",1728722300,1728722300,1728722300,1728722300,김상경,12426703616,6213351808,1728722300,10697981316,김옥빈,1728722300,1728722300,1728722300,1728722300
488,7년의 밤,2018.3.28,3969337524,528007,528007,872,26817,"(주)바른손,씨제이이앤엠(주)",씨제이이앤엠(주),15세이상관람가,"스릴러,드라마",추창민,류승룡,장동건,추창민,3969337524,3969337524,3969337524,3969337524,"(주)바른손,씨제이이앤엠(주)",3969337524,3969337524,3969337524,3969337524,류승룡,11454021636,5727010818,3969337524,7484684112,장동건,14925959359,7462979680,3969337524,10956621835
588,7호실,2017.11.15,2677284639,347790,347790,629,21846,(주)명필름,롯데쇼핑㈜롯데엔터테인먼트,15세이상관람가,코미디,이용승,신하균,도경수,이용승,2677284639,2677284639,2677284639,2677284639,(주)명필름,2677284639,2677284639,2677284639,2677284639,신하균,2677284639,2677284639,2677284639,2677284639,도경수,2677284639,2677284639,2677284639,2677284639
68,강철비,2017.12.14,35489666466,4452755,4452755,1426,80360,"(주)와이웍스엔터테인먼트,(주)모팩앤알프레드",(주)넥스트엔터테인먼트월드(NEW),15세이상관람가,"액션,드라마",양우석,정우성,곽도원,양우석,35489666466,35489666466,35489666466,35489666466,"(주)와이웍스엔터테인먼트,(주)모팩앤알프레드",35489666466,35489666466,35489666466,35489666466,정우성,35489666466,35489666466,35489666466,35489666466,곽도원,45984435411,22992217706,10494768945,35489666466
794,게이트,2018.2.28,821271100,101381,101381,208,5474,삼삼공구 브라더스,(주)제이앤씨미디어그룹,15세이상관람가,"범죄,코미디",신재호,정려원,임창정,신재호,821271100,821271100,821271100,821271100,삼삼공구 브라더스,821271100,821271100,821271100,821271100,정려원,821271100,821271100,821271100,821271100,임창정,821271100,821271100,821271100,821271100
115,곤지암,2018.3.28,21442169144,2675570,2675570,1124,88500,(주)하이브미디어코프,(주)쇼박스,15세이상관람가,"공포(호러),스릴러",정범식,위하준,박지현,정범식,21442169144,21442169144,21442169144,21442169144,(주)하이브미디어코프,36239470782,12079823594,5012916263,21442169144,위하준,21442169144,21442169144,21442169144,21442169144,박지현,21442169144,21442169144,21442169144,21442169144
233,골든슬럼버,2018.2.14,11412768798,1387508,1387508,833,43015,영화사 집,씨제이이앤엠(주),15세이상관람가,"범죄,드라마",노동석,강동원,김의성,노동석,11412768798,11412768798,11412768798,11412768798,영화사 집,11412768798,11412768798,11412768798,11412768798,강동원,18407490971,9203745486,6994722173,11412768798,김의성,11412768798,11412768798,11412768798,11412768798
643,공범자들,2017.8.17,2035223800,260514,260514,246,10978,한국탐사저널리즘센터,(주)엣나인필름,15세이상관람가,다큐멘터리,최승호,이명박,김재철,최승호,2035223800,2035223800,2035223800,2035223800,한국탐사저널리즘센터,2035223800,2035223800,2035223800,2035223800,이명박,2035223800,2035223800,2035223800,2035223800,김재철,2035223800,2035223800,2035223800,2035223800
51,공작,2018.8.8,42267898976,4908146,4908146,1317,93532,"(주)영화사 월광,(주)사나이픽처스",씨제이이앤엠(주),12세이상관람가,드라마,윤종빈,황정민,이성민,윤종빈,42267898976,42267898976,42267898976,42267898976,"(주)영화사 월광,(주)사나이픽처스",63112387385,31556193693,20844488409,42267898976,황정민,92778464144,46389232072,42267898976,50510565168,이성민,42267898976,42267898976,42267898976,42267898976
19,공조,2017.1.18,63783051326,7817618,7817618,1392,142989,"(주)제이케이필름,씨제이이앤엠(주),영화사 이창,(주)에이치비엔터테인먼트",씨제이이앤엠(주),15세이상관람가,액션,김성훈,현빈,유해진,김성훈,63783051326,63783051326,63783051326,63783051326,"(주)제이케이필름,씨제이이앤엠(주),영화사 이창,(주)에이치비엔터테인먼트",63783051326,63783051326,63783051326,63783051326,현빈,95096620121,47548310061,31313568795,63783051326,유해진,63783051326,63783051326,63783051326,63783051326
37,군함도,2017.7.26,50510565168,6592151,6592151,2027,108775,"(주)외유내강,(주)필름케이",씨제이이앤엠(주),15세이상관람가,"액션,드라마",류승완,황정민,김규백,류승완,50510565168,50510565168,50510565168,50510565168,"(주)외유내강,(주)필름케이",50510565168,50510565168,50510565168,50510565168,황정민,92778464144,46389232072,42267898976,50510565168,김규백,50510565168,50510565168,50510565168,50510565168
247,궁합,2018.2.28,10478875438,1340117,1340117,966,52465,(주)주피터필름,씨제이이앤엠(주),12세이상관람가,"코미디,드라마",홍창표,심은경,이승기,홍창표,10478875438,10478875438,10478875438,10478875438,(주)주피터필름,10478875438,10478875438,10478875438,10478875438,심은경,10478875438,10478875438,10478875438,10478875438,이승기,10478875438,10478875438,10478875438,10478875438
87,그것만이 내 세상,2018.1.17,27446302382,3418393,3418393,956,95420,"(주)제이케이필름,씨제이이앤엠(주)",씨제이이앤엠(주),12세이상관람가,"코미디,드라마",최성현,이병헌,윤여정,최성현,27446302382,27446302382,27446302382,27446302382,"(주)제이케이필름,씨제이이앤엠(주)",27446302382,27446302382,27446302382,27446302382,이병헌,58671722174,29335861087,27446302382,31225419792,윤여정,27446302382,27446302382,27446302382,27446302382
923,"그래, 가족",2017.2.15,350293300,46623,46623,361,5294,"(주)청우필름,(주)26컴퍼니,(주)데이드림",월트디즈니컴퍼니코리아 유한책임회사,12세이상관람가,코미디,마대윤,이요원,정만식,마대윤,350293300,350293300,350293300,350293300,"(주)청우필름,(주)26컴퍼니,(주)데이드림",350293300,350293300,350293300,350293300,이요원,350293300,350293300,350293300,350293300,정만식,350293300,350293300,350293300,350293300
244,기억의 밤,2017.11.29,10653271160,1387779,1387779,759,53003,(주)비에이엔터테인먼트,"메가박스중앙(주)플러스엠,주식회사 키위컴퍼니",15세이상관람가,"미스터리,스릴러",장항준,강하늘,김무열,장항준,10653271160,10653271160,10653271160,10653271160,(주)비에이엔터테인먼트,10653271160,10653271160,10653271160,10653271160,강하늘,10653271160,10653271160,10653271160,10653271160,김무열,10653271160,10653271160,10653271160,10653271160
804,김광석,2017.8.30,772483500,98231,98231,223,6265,(주)씨네포트,(주)비엠컬쳐스,15세이상관람가,다큐멘터리,이상호,김광석,이상호,이상호,772483500,772483500,772483500,772483500,(주)씨네포트,772483500,772483500,772483500,772483500,김광석,772483500,772483500,772483500,772483500,이상호,15331501112,7665750556,772483500,14559017612
76,꾼,2017.11.22,31313568795,4018341,4018341,1314,117420,(주)영화사두둥,(주)쇼박스,15세이상관람가,범죄,장창원,현빈,유지태,장창원,31313568795,31313568795,31313568795,31313568795,(주)영화사두둥,31313568795,31313568795,31313568795,31313568795,현빈,95096620121,47548310061,31313568795,63783051326,유지태,31313568795,31313568795,31313568795,31313568795
724,나를 기억해,2018.4.19,1229698892,141072,141072,545,14337,(주)오아시스이엔티,씨네그루(주)키다리이엔티,청소년관람불가,"미스터리,범죄,스릴러",이한욱,이유영,김희원,이한욱,1229698892,1229698892,1229698892,1229698892,(주)오아시스이엔티,1229698892,1229698892,1229698892,1229698892,이유영,1229698892,1229698892,1229698892,1229698892,김희원,1229698892,1229698892,1229698892,1229698892
77,남한산성,2017.10.3,31225419792,3849129,3849129,1229,71102,(주)싸이런픽쳐스,씨제이이앤엠(주),15세이상관람가,"사극,드라마",황동혁,이병헌,김윤석,황동혁,31225419792,31225419792,31225419792,31225419792,(주)싸이런픽쳐스,31225419792,31225419792,31225419792,31225419792,이병헌,58671722174,29335861087,27446302382,31225419792,김윤석,31225419792,31225419792,31225419792,31225419792
148,너의 결혼식,2018.8.22,18044217632,2149108,2149108,969,60544,"(주)필름케이,(주)외유내강",메가박스중앙(주)플러스엠,12세이상관람가,멜로/로맨스,이석근,박보영,김영광,이석근,18044217632,18044217632,18044217632,18044217632,"(주)필름케이,(주)외유내강",18044217632,18044217632,18044217632,18044217632,박보영,18044217632,18044217632,18044217632,18044217632,김영광,18044217632,18044217632,18044217632,18044217632
557,넛잡 2,2017.10.3,3069388100,411787,411787,526,10449,"(주)레드로버,툰박스 엔터테인먼트",롯데쇼핑㈜롯데엔터테인먼트,전체관람가,"애니메이션,어드벤처,코미디,가족",캘런 브런커,윌 아넷,캐서린 헤이글,캘런 브런커,3069388100,3069388100,3069388100,3069388100,"(주)레드로버,툰박스 엔터테인먼트",3069388100,3069388100,3069388100,3069388100,윌 아넷,3069388100,3069388100,3069388100,3069388100,캐서린 헤이글,3069388100,3069388100,3069388100,3069388100
181,노무현입니다,2017.5.25,14559017612,1855489,1855489,775,61330,영화사 풀,"CGV아트하우스,영화사 풀",12세이상관람가,다큐멘터리,이창재,노무현,이상호,이창재,14559017612,14559017612,14559017612,14559017612,영화사 풀,14559017612,14559017612,14559017612,14559017612,노무현,14559017612,14559017612,14559017612,14559017612,이상호,15331501112,7665750556,772483500,14559017612
769,눈길,2017.3.1,976008100,130500,130500,495,9904,KBS,"(주)엣나인필름,CGV아트하우스",15세이상관람가,드라마,이나정,김영옥,김향기,이나정,976008100,976008100,976008100,976008100,KBS,976008100,976008100,976008100,976008100,김영옥,976008100,976008100,976008100,976008100,김향기,976008100,976008100,976008100,976008100
383,대립군,2017.5.31,6276963402,837500,837500,809,29084,"리얼라이즈픽쳐스(주),이십세기폭스 인터내셔널 프로덕션,(주)베르디미디어,(주)블러썸픽쳐스",이십세기폭스코리아(주),15세이상관람가,"드라마,사극",정윤철,이정재,여진구,정윤철,6276963402,6276963402,6276963402,6276963402,"리얼라이즈픽쳐스(주),이십세기폭스 인터내셔널 프로덕션,(주)베르디미디어,(주)블러썸픽쳐스",6276963402,6276963402,6276963402,6276963402,이정재,6276963402,6276963402,6276963402,6276963402,여진구,6276963402,6276963402,6276963402,6276963402
570,대장 김창수,2017.10.19,2879121115,381483,381483,748,21745,"(주)비에이엔터테인먼트,(주)무비스퀘어","씨네그루(주)키다리이엔티,주식회사 키위컴퍼니",12세이상관람가,드라마,이원태,조진웅,송승헌,이원태,2879121115,2879121115,2879121115,2879121115,"(주)비에이엔터테인먼트,(주)무비스퀘어",2879121115,2879121115,2879121115,2879121115,조진웅,57114135450,14278533863,844714600,43484892913,송승헌,2879121115,2879121115,2879121115,2879121115
48,더 킹,2017.1.18,43488814535,5317693,5317693,1310,107983,(주)우주필름,(주)넥스트엔터테인먼트월드(NEW),15세이상관람가,"범죄,드라마",한재림,조인성,정우성,한재림,43488814535,43488814535,43488814535,43488814535,(주)우주필름,43488814535,43488814535,43488814535,43488814535,조인성,43488814535,43488814535,43488814535,43488814535,정우성,43488814535,43488814535,43488814535,43488814535
793,더 테이블,2017.8.24,830973100,103082,103082,272,6161,볼미디어(주),(주)엣나인필름,12세이상관람가,"드라마,멜로/로맨스",김종관,정유미,한예리,김종관,830973100,830973100,830973100,830973100,볼미디어(주),830973100,830973100,830973100,830973100,정유미,830973100,830973100,830973100,830973100,한예리,830973100,830973100,830973100,830973100
608,덕구,2018.4.5,2378021700,313883,313883,544,19025,"(주)영화사두둥,(주)곰픽쳐스",메가박스중앙(주)플러스엠,전체관람가,드라마,방수인,이순재,정지훈,방수인,2378021700,2378021700,2378021700,2378021700,"(주)영화사두둥,(주)곰픽쳐스",2378021700,2378021700,2378021700,2378021700,이순재,2378021700,2378021700,2378021700,2378021700,정지훈,2378021700,2378021700,2378021700,2378021700
917,데자뷰,2018.5.30,360833100,48279,48279,536,8130,"(주)스톰픽쳐스코리아,(주)원픽쳐스",씨네그루(주)키다리이엔티,15세이상관람가,"미스터리,스릴러",고경민,남규리,이천희,고경민,360833100,360833100,360833100,360833100,"(주)스톰픽쳐스코리아,(주)원픽쳐스",360833100,360833100,360833100,360833100,남규리,360833100,360833100,360833100,360833100,이천희,360833100,360833100,360833100,360833100
49,독전,2018.5.22,43484892913,5063620,5063620,1532,140019,(주)용필름,(주)넥스트엔터테인먼트월드(NEW),15세이상관람가,"범죄,액션",이해영,조진웅,류준열,이해영,44329607513,22164803757,844714600,43484892913,(주)용필름,48259826777,16086608926,844714600,43484892913,조진웅,57114135450,14278533863,844714600,43484892913,류준열,56254425698,18751475233,844714600,43484892913
789,독전: 익스텐디드 컷,2018.7.18,844714600,137775,137775,398,5657,(주)용필름,(주)넥스트엔터테인먼트월드(NEW),15세이상관람가,"범죄,액션",이해영,조진웅,류준열,이해영,44329607513,22164803757,844714600,43484892913,(주)용필름,48259826777,16086608926,844714600,43484892913,조진웅,57114135450,14278533863,844714600,43484892913,류준열,56254425698,18751475233,844714600,43484892913
1000,뚜르: 내 생애 최고의 49일,2017.2.1,208911200,27696,27908,227,2815,"미디어길,(주)영화사 북극곰",(주)리틀빅픽쳐스,12세이상관람가,다큐멘터리,"임정하,전일우,박형준,김양래",이윤혁,전일우,"임정하,전일우,박형준,김양래",208911200,208911200,208911200,208911200,"미디어길,(주)영화사 북극곰",208911200,208911200,208911200,208911200,이윤혁,208911200,208911200,208911200,208911200,전일우,208911200,208911200,208911200,208911200
374,레슬러,2018.5.9,6481379657,771141,771141,957,43149,(주)안나푸르나필름,롯데쇼핑㈜롯데엔터테인먼트,15세이상관람가,"드라마,코미디",김대웅,유해진,김민재,김대웅,6481379657,6481379657,6481379657,6481379657,(주)안나푸르나필름,6481379657,6481379657,6481379657,6481379657,유해진,6481379657,6481379657,6481379657,6481379657,김민재,6481379657,6481379657,6481379657,6481379657
764,로마의 휴일,2017.8.30,993321176,134827,134827,436,10999,(주)전망좋은 영화사,메가박스중앙(주)플러스엠,15세이상관람가,"코미디,드라마",이덕희,임창정,공형진,이덕희,993321176,993321176,993321176,993321176,(주)전망좋은 영화사,993321176,993321176,993321176,993321176,임창정,993321176,993321176,993321176,993321176,공형진,993321176,993321176,993321176,993321176
805,루시드 드림,2017.2.22,759481000,102170,102170,461,8534,(주)로드픽쳐스,(주)넥스트엔터테인먼트월드(NEW),15세이상관람가,"SF,스릴러",김준성,고수,설경구,김준성,759481000,759481000,759481000,759481000,(주)로드픽쳐스,759481000,759481000,759481000,759481000,고수,3588587886,1794293943,759481000,2829106886,설경구,759481000,759481000,759481000,759481000
535,리얼,2017.6.28,3357912530,470165,470165,970,25141,(주)코브픽쳐스,씨제이이앤엠(주),청소년관람불가,액션,이사랑,김수현,성동일,이사랑,3357912530,3357912530,3357912530,3357912530,(주)코브픽쳐스,3357912530,3357912530,3357912530,3357912530,김수현,3357912530,3357912530,3357912530,3357912530,성동일,33593829980,11197943327,3326439772,26909477678
219,리틀 포레스트,2018.2.28,11924818185,1505560,1505560,884,68455,(주)영화사수박,메가박스중앙(주)플러스엠,전체관람가,드라마,임순례,김태리,류준열,임순례,11924818185,11924818185,11924818185,11924818185,(주)영화사수박,11924818185,11924818185,11924818185,11924818185,김태리,11924818185,11924818185,11924818185,11924818185,류준열,56254425698,18751475233,844714600,43484892913
89,마녀,2018.6.27,27242041463,3189092,3189092,1117,90849,"(주)영화사 금월,(주)페퍼민트앤컴퍼니",워너브러더스 코리아(주),15세이상관람가,"미스터리,액션",박훈정,김다미,조민수,박훈정,38198663298,19099331649,10956621835,27242041463,"(주)영화사 금월,(주)페퍼민트앤컴퍼니",38198663298,19099331649,10956621835,27242041463,김다미,27242041463,27242041463,27242041463,27242041463,조민수,27242041463,27242041463,27242041463,27242041463
891,머니백,2018.4.12,417495600,53610,53610,472,6899,(주)젠픽쳐스,(주)리틀빅픽쳐스,15세이상관람가,"액션,드라마",허준형,김무열,박희순,허준형,417495600,417495600,417495600,417495600,(주)젠픽쳐스,417495600,417495600,417495600,417495600,김무열,417495600,417495600,417495600,417495600,박희순,417495600,417495600,417495600,417495600
994,메소드,2017.11.2,216276800,26651,26651,244,2935,모베터필름 주식회사,(주)엣나인필름,15세이상관람가,드라마,방은진,박성웅,윤승아,방은진,216276800,216276800,216276800,216276800,모베터필름 주식회사,216276800,216276800,216276800,216276800,박성웅,216276800,216276800,216276800,216276800,윤승아,216276800,216276800,216276800,216276800
116,목격자,2018.8.15,21393452647,2483492,2483492,1021,66716,(주)에이디사공육,(주)넥스트엔터테인먼트월드(NEW),15세이상관람가,스릴러,조규장,이성민,김상호,조규장,21393452647,21393452647,21393452647,21393452647,(주)에이디사공육,24066942087,12033471044,2673489440,21393452647,이성민,52022326431,17340775477,9784385375,21393452647,김상호,21393452647,21393452647,21393452647,21393452647
810,미니특공대X,2018.3.22,745801200,100087,100087,458,5444,(주)삼지애니메이션,(주)삼지애니메이션,전체관람가,애니메이션,이영준,엄상현,전태열,이영준,745801200,745801200,745801200,745801200,(주)삼지애니메이션,745801200,745801200,745801200,745801200,엄상현,745801200,745801200,745801200,745801200,전태열,745801200,745801200,745801200,745801200
651,미옥,2017.11.9,1930905564,242737,242737,635,18143,(주)영화사 소중한,씨네그루(주)키다리이엔티,청소년관람불가,"범죄,액션",이안규,김혜수,이선균,이안규,1930905564,1930905564,1930905564,1930905564,(주)영화사 소중한,1930905564,1930905564,1930905564,1930905564,김혜수,1930905564,1930905564,1930905564,1930905564,이선균,1930905564,1930905564,1930905564,1930905564
265,바람 바람 바람,2018.4.5,9784385375,1194229,1194229,985,57969,(주)하이브미디어코프,(주)넥스트엔터테인먼트월드(NEW),청소년관람불가,코미디,이병헌,이성민,신하균,이병헌,9784385375,9784385375,9784385375,9784385375,(주)하이브미디어코프,36239470782,12079823594,5012916263,21442169144,이성민,52022326431,17340775477,9784385375,21393452647,신하균,19524047519,9762023760,9739662144,9784385375
147,박열,2017.6.28,18094175795,2359273,2359273,1176,78501,(유)박열문화전문회사,메가박스중앙(주)플러스엠,12세이상관람가,드라마,이준익,이제훈,최희서,이준익,22108248068,11054124034,4014072273,18094175795,(유)박열문화전문회사,18094175795,18094175795,18094175795,18094175795,이제훈,18094175795,18094175795,18094175795,18094175795,최희서,18094175795,18094175795,18094175795,18094175795
537,반드시 잡는다,2017.11.29,3326439772,446780,446780,565,24559,"(주)에이디사공육,씨네주 유한회사",(주)넥스트엔터테인먼트월드(NEW),15세이상관람가,스릴러,김홍선,백윤식,성동일,김홍선,3544613072,1772306536,218173300,3326439772,"(주)에이디사공육,씨네주 유한회사",3326439772,3326439772,3326439772,3326439772,백윤식,3326439772,3326439772,3326439772,3326439772,성동일,33593829980,11197943327,3326439772,26909477678
885,밤의 해변에서 혼자,2017.3.23,439840592,57110,57110,133,4290,(주)영화제작전원사,"(주)영화제작전원사 ,(주)콘텐츠판다",청소년관람불가,드라마,홍상수,김민희,정재영,홍상수,439840592,439840592,439840592,439840592,(주)영화제작전원사,439840592,439840592,439840592,439840592,김민희,439840592,439840592,439840592,439840592,정재영,439840592,439840592,439840592,439840592
449,버닝,2018.5.17,4714345098,528153,528153,739,26510,"파인하우스필름(주),나우필름(주)",CGV아트하우스,청소년관람불가,미스터리,이창동,유아인,스티븐 연,이창동,4714345098,4714345098,4714345098,4714345098,"파인하우스필름(주),나우필름(주)",4714345098,4714345098,4714345098,4714345098,유아인,4714345098,4714345098,4714345098,4714345098,스티븐 연,4714345098,4714345098,4714345098,4714345098
30,범죄도시,2017.10.3,56322098349,6880535,6880535,1315,149384,"(주)홍필름,(주)비에이엔터테인먼트","메가박스중앙(주)플러스엠,(주)키위미디어그룹",청소년관람불가,"범죄,액션",강윤성,마동석,윤계상,강윤성,56322098349,56322098349,56322098349,56322098349,"(주)홍필름,(주)비에이엔터테인먼트",56322098349,56322098349,56322098349,56322098349,마동석,77576346577,25858782192,9471138230,56322098349,윤계상,56322098349,56322098349,56322098349,56322098349
482,변산,2018.7.4,4014072273,490033,490033,763,27516,변산문화산업전문(유),메가박스중앙(주)플러스엠,15세이상관람가,드라마,이준익,박정민,김고은,이준익,22108248068,11054124034,4014072273,18094175795,변산문화산업전문(유),4014072273,4014072273,4014072273,4014072273,박정민,4014072273,4014072273,4014072273,4014072273,김고은,4014072273,4014072273,4014072273,4014072273
120,보안관,2017.5.3,20844488409,2588628,2588628,1091,63709,"(주)영화사 월광,(주)사나이픽처스",롯데쇼핑㈜롯데엔터테인먼트,15세이상관람가,"범죄,코미디",김형주,이성민,조진웅,김형주,20844488409,20844488409,20844488409,20844488409,"(주)영화사 월광,(주)사나이픽처스",63112387385,31556193693,20844488409,42267898976,이성민,52022326431,17340775477,9784385375,21393452647,조진웅,20844488409,20844488409,20844488409,20844488409
562,보통사람,2017.3.23,2956397623,383336,383336,621,19928,"(주)트리니티엔터테인먼트,(주)영화사장춘",오퍼스픽쳐스,15세이상관람가,드라마,김봉한,손현주,장혁,김봉한,2956397623,2956397623,2956397623,2956397623,"(주)트리니티엔터테인먼트,(주)영화사장춘",2956397623,2956397623,2956397623,2956397623,손현주,2956397623,2956397623,2956397623,2956397623,장혁,2956397623,2956397623,2956397623,2956397623
223,부라더,2017.11.2,11783109998,1492903,1492903,889,54976,"(주)홍필름,(주)수필름",메가박스중앙(주)플러스엠,12세이상관람가,코미디,장유정,마동석,이동휘,장유정,11783109998,11783109998,11783109998,11783109998,"(주)홍필름,(주)수필름",11783109998,11783109998,11783109998,11783109998,마동석,77576346577,25858782192,9471138230,56322098349,이동휘,11783109998,11783109998,11783109998,11783109998
332,불한당: 나쁜 놈들의 세상,2017.5.17,7674017125,953985,953985,860,38916,"씨제이이앤엠(주),(주)바른손",씨제이이앤엠(주),청소년관람불가,"범죄,액션,드라마",변성현,설경구,임시완,변성현,7674017125,7674017125,7674017125,7674017125,"씨제이이앤엠(주),(주)바른손",7674017125,7674017125,7674017125,7674017125,설경구,29049304617,14524652309,7674017125,21375287492,임시완,7674017125,7674017125,7674017125,7674017125
854,뷰티풀 투모로우,2017.10.26,552273700,63279,63279,47,1390,(주)글러브엔터테인먼트,씨제이 씨지브이(CJ CGV)(주),12세이상관람가,드라마,장재혁,박효신,정재일,장재혁,552273700,552273700,552273700,552273700,(주)글러브엔터테인먼트,552273700,552273700,552273700,552273700,박효신,552273700,552273700,552273700,552273700,정재일,552273700,552273700,552273700,552273700
239,브이아이피,2017.8.23,10956621835,1373316,1373316,996,44650,"(주)영화사 금월,(주)페퍼민트앤컴퍼니",워너브러더스 코리아(주),청소년관람불가,"범죄,드라마",박훈정,강소백,장동건,박훈정,38198663298,19099331649,10956621835,27242041463,"(주)영화사 금월,(주)페퍼민트앤컴퍼니",38198663298,19099331649,10956621835,27242041463,강소백,10956621835,10956621835,10956621835,10956621835,장동건,14925959359,7462979680,3969337524,10956621835
934,비밥바룰라,2018.1.24,322062200,47432,47432,347,4055,영화사김치(주),씨네그루(주)키다리이엔티,12세이상관람가,코미디,이성재,박인환,신구,이성재,322062200,322062200,322062200,322062200,영화사김치(주),5376819595,2688409798,322062200,5054757395,박인환,322062200,322062200,322062200,322062200,신구,10227469022,5113734511,322062200,9905406822
743,비정규직 특수요원,2017.3.16,1150732700,149719,149719,497,11132,"(주)스톰픽쳐스코리아,컴퍼니에이이엔티(주)","(주)이수C&E,(주)스톰픽쳐스코리아",15세이상관람가,"코미디,액션",김덕수,강예원,한채아,김덕수,1150732700,1150732700,1150732700,1150732700,"(주)스톰픽쳐스코리아,컴퍼니에이이엔티(주)",1150732700,1150732700,1150732700,1150732700,강예원,1150732700,1150732700,1150732700,1150732700,한채아,1150732700,1150732700,1150732700,1150732700
386,뽀로로 극장판 공룡섬 대모험,2017.12.7,6226832300,827040,827040,803,19925,(주)오콘,(주)넥스트엔터테인먼트월드(NEW),전체관람가,애니메이션,"김현호,윤제완",이선,이미자,"김현호,윤제완",6226832300,6226832300,6226832300,6226832300,(주)오콘,6226832300,6226832300,6226832300,6226832300,이선,6226832300,6226832300,6226832300,6226832300,이미자,6226832300,6226832300,6226832300,6226832300
243,사라진 밤,2018.3.7,10697981316,1315726,1315726,925,60136,"(주)싸이더스,(주)엠씨엠씨,(주)더블앤조이픽쳐스",씨네그루(주)키다리이엔티,15세이상관람가,스릴러,이창희,김상경,김강우,이창희,10697981316,10697981316,10697981316,10697981316,"(주)싸이더스,(주)엠씨엠씨,(주)더블앤조이픽쳐스",10697981316,10697981316,10697981316,10697981316,김상경,12426703616,6213351808,1728722300,10697981316,김강우,10697981316,10697981316,10697981316,10697981316
590,사랑하기 때문에,2017.1.4,2673489440,340936,340936,542,15294,(주)에이디사공육,(주)넥스트엔터테인먼트월드(NEW),12세이상관람가,"코미디,멜로/로맨스",주지홍,차태현,김유정,주지홍,2673489440,2673489440,2673489440,2673489440,(주)에이디사공육,24066942087,12033471044,2673489440,21393452647,차태현,2673489440,2673489440,2673489440,2673489440,김유정,2673489440,2673489440,2673489440,2673489440
928,산상수훈,2017.12.7,335696650,46026,46026,71,1238,(주)그란,"이언픽쳐스,(주)그란",전체관람가,드라마,유영의,백서빈,최이선,유영의,335696650,335696650,335696650,335696650,(주)그란,335696650,335696650,335696650,335696650,백서빈,335696650,335696650,335696650,335696650,최이선,335696650,335696650,335696650,335696650
896,살인소설,2018.4.25,392591200,49682,49682,434,5721,"(주)페퍼민트앤컴퍼니,리드미컬그린(주)","(주)스톰픽쳐스코리아,(주)페퍼민트앤컴퍼니",15세이상관람가,스릴러,김진묵,지현우,오만석,김진묵,392591200,392591200,392591200,392591200,"(주)페퍼민트앤컴퍼니,리드미컬그린(주)",392591200,392591200,392591200,392591200,지현우,392591200,392591200,392591200,392591200,오만석,392591200,392591200,392591200,392591200
117,살인자의 기억법,2017.9.6,21375287492,2658589,2658589,1064,88686,"(주)쇼박스,(주)더블유픽처스,(주)그린피쉬,영화사 이창",(주)쇼박스,15세이상관람가,"범죄,스릴러",원신연,설경구,김남길,원신연,21375287492,21375287492,21375287492,21375287492,"(주)쇼박스,(주)더블유픽처스,(주)그린피쉬,영화사 이창",21375287492,21375287492,21375287492,21375287492,설경구,29049304617,14524652309,7674017125,21375287492,김남길,21375287492,21375287492,21375287492,21375287492
431,상류사회,2018.8.29,5012916263,612196,612196,867,26622,(주)하이브미디어코프,롯데컬처웍스(주)롯데엔터테인먼트,청소년관람불가,드라마,변혁,박해일,수애,변혁,5012916263,5012916263,5012916263,5012916263,(주)하이브미디어코프,36239470782,12079823594,5012916263,21442169144,박해일,5012916263,5012916263,5012916263,5012916263,수애,5012916263,5012916263,5012916263,5012916263
784,"서서평, 천천히 평온하게",2017.4.26,881663400,123958,123958,234,4411,재단법인 온누리선교재단(CGNTV),커넥트픽쳐스(주),전체관람가,다큐멘터리,"홍주연,홍현정",윤안나,안은새,"홍주연,홍현정",881663400,881663400,881663400,881663400,재단법인 온누리선교재단(CGNTV),881663400,881663400,881663400,881663400,윤안나,881663400,881663400,881663400,881663400,안은새,881663400,881663400,881663400,881663400
577,석조저택 살인사건,2017.5.9,2829106886,353517,353517,539,17925,주식회사 영화사다,씨네그루(주)키다리이엔티,15세이상관람가,스릴러,"정식,김휘",고수,황인아,"정식,김휘",2829106886,2829106886,2829106886,2829106886,주식회사 영화사다,2829106886,2829106886,2829106886,2829106886,고수,3588587886,1794293943,759481000,2829106886,황인아,2829106886,2829106886,2829106886,2829106886
873,소공녀,2018.3.22,472553700,59125,59125,284,5745,"광화문시네마,(주)모토",CGV아트하우스,15세이상관람가,"멜로/로맨스,드라마",전고운,이솜,안재홍,전고운,472553700,472553700,472553700,472553700,"광화문시네마,(주)모토",472553700,472553700,472553700,472553700,이솜,472553700,472553700,472553700,472553700,안재홍,13123747423,6561873712,472553700,12651193723
656,속닥속닥,2018.7.13,1900914300,217444,217444,314,8246,(주)파이브데이,(주)그노스,15세이상관람가,"공포(호러),미스터리",최상훈,소주연,김민규,최상훈,1900914300,1900914300,1900914300,1900914300,(주)파이브데이,1900914300,1900914300,1900914300,1900914300,소주연,1900914300,1900914300,1900914300,1900914300,김민규,1900914300,1900914300,1900914300,1900914300
816,슈퍼 빼꼼: 스파이 대작전,2017.5.3,712734900,99752,99752,358,3352,(합)알지애니메이션스튜디오,메가박스중앙(주)플러스엠,전체관람가,"애니메이션,코미디",임아론,김태균,최정현,임아론,712734900,712734900,712734900,712734900,(합)알지애니메이션스튜디오,712734900,712734900,712734900,712734900,김태균,712734900,712734900,712734900,712734900,최정현,712734900,712734900,712734900,712734900
760,시간위의 집,2017.4.5,1020724600,128975,128975,454,10971,"리드미컬그린(주),자이온 이엔티(주),브릿지웍스 엔터테인먼트(주),라이브(주)","(주)리틀빅픽쳐스,(주)페퍼민트앤컴퍼니",15세이상관람가,"미스터리,스릴러",임대웅,김윤진,옥택연,임대웅,1020724600,1020724600,1020724600,1020724600,"리드미컬그린(주),자이온 이엔티(주),브릿지웍스 엔터테인먼트(주),라이브(주)",1020724600,1020724600,1020724600,1020724600,김윤진,1020724600,1020724600,1020724600,1020724600,옥택연,1020724600,1020724600,1020724600,1020724600
5,신과함께-인과 연,2018.8.1,1.01796E+11,12167147,12167147,2235,171788,"리얼라이즈픽쳐스(주),(주)덱스터스튜디오",롯데컬처웍스(주)롯데엔터테인먼트,12세이상관람가,"판타지,드라마",김용화,하정우,주지훈,김용화,2.17502E+11,1.08751E+11,1.01796E+11,1.15706E+11,"리얼라이즈픽쳐스(주),(주)덱스터스튜디오",2.17502E+11,1.08751E+11,1.01796E+11,1.15706E+11,하정우,2.17502E+11,1.08751E+11,1.01796E+11,1.15706E+11,주지훈,1.01796E+11,1.01796E+11,1.01796E+11,1.01796E+11
2,신과함께-죄와 벌,2017.12.20,1.15706E+11,14411525,14411525,1912,213258,"리얼라이즈픽쳐스(주),(주)덱스터스튜디오",롯데쇼핑㈜롯데엔터테인먼트,12세이상관람가,"판타지,드라마",김용화,하정우,차태현,김용화,2.17502E+11,1.08751E+11,1.01796E+11,1.15706E+11,"리얼라이즈픽쳐스(주),(주)덱스터스튜디오",2.17502E+11,1.08751E+11,1.01796E+11,1.15706E+11,하정우,2.17502E+11,1.08751E+11,1.01796E+11,1.15706E+11,차태현,1.15706E+11,1.15706E+11,1.15706E+11,1.15706E+11
432,신비아파트: 금빛 도깨비와 비밀의 동굴,2018.7.25,4999149100,677777,677777,762,16117,"씨제이이앤엠(주),(주)칵테일 미디어",씨제이이앤엠(주),전체관람가,"애니메이션,판타지,어드벤처",김병갑,조현정,김영은,김병갑,4999149100,4999149100,4999149100,4999149100,"씨제이이앤엠(주),(주)칵테일 미디어",4999149100,4999149100,4999149100,4999149100,조현정,4999149100,4999149100,4999149100,4999149100,김영은,4999149100,4999149100,4999149100,4999149100
587,싱글라이더,2017.2.22,2685519021,351276,351276,576,16746,(주)퍼펙트스톰필름,워너브러더스 코리아(주),15세이상관람가,드라마,이주영,진남수,이병헌,이주영,2685519021,2685519021,2685519021,2685519021,(주)퍼펙트스톰필름,2685519021,2685519021,2685519021,2685519021,진남수,2685519021,2685519021,2685519021,2685519021,이병헌,2685519021,2685519021,2685519021,2685519021
428,아빠는 딸,2017.4.12,5054757395,647305,647305,586,33263,영화사김치(주),메가박스중앙(주)플러스엠,12세이상관람가,코미디,김형협,윤제문,정소민,김형협,5054757395,5054757395,5054757395,5054757395,영화사김치(주),5376819595,2688409798,322062200,5054757395,윤제문,5054757395,5054757395,5054757395,5054757395,정소민,5054757395,5054757395,5054757395,5054757395
96,아이 캔 스피크,2017.9.21,25539734986,3281433,3281433,1140,93053,"주식회사 영화사 시선,(주)명필름","롯데쇼핑㈜롯데엔터테인먼트,(주)리틀빅픽쳐스",12세이상관람가,코미디,김현석,나문희,이제훈,김현석,25539734986,25539734986,25539734986,25539734986,"주식회사 영화사 시선,(주)명필름",25539734986,25539734986,25539734986,25539734986,나문희,25539734986,25539734986,25539734986,25539734986,이제훈,25539734986,25539734986,25539734986,25539734986
267,악녀,2017.6.8,9739662144,1208081,1208081,685,46070,(주)앞에있다,(주)넥스트엔터테인먼트월드(NEW),청소년관람불가,액션,정병길,김옥빈,신하균,정병길,9739662144,9739662144,9739662144,9739662144,(주)앞에있다,9739662144,9739662144,9739662144,9739662144,김옥빈,9739662144,9739662144,9739662144,9739662144,신하균,19524047519,9762023760,9739662144,9784385375
663,어느날,2017.4.5,1846581582,234829,234829,532,17748,(주)인벤트스톤,"오퍼스픽쳐스,CGV아트하우스",15세이상관람가,멜로/로맨스,이윤기,김남길,천우희,이윤기,1846581582,1846581582,1846581582,1846581582,(주)인벤트스톤,1846581582,1846581582,1846581582,1846581582,김남길,1846581582,1846581582,1846581582,1846581582,천우희,1846581582,1846581582,1846581582,1846581582
773,여교사,2017.1.4,961785460,118621,118621,393,6668,(주)외유내강,필라멘트픽쳐스,청소년관람불가,드라마,김태용,김하늘,유인영,김태용,961785460,961785460,961785460,961785460,(주)외유내강,961785460,961785460,961785460,961785460,김하늘,961785460,961785460,961785460,961785460,유인영,961785460,961785460,961785460,961785460
796,여중생A,2018.6.20,811692000,97850,97850,479,10272,"(주)영화사울림,네이버웹툰 주식회사",롯데컬처웍스(주)롯데엔터테인먼트,12세이상관람가,드라마,이경섭,김환희,김준면,이경섭,811692000,811692000,811692000,811692000,"(주)영화사울림,네이버웹툰 주식회사",811692000,811692000,811692000,811692000,김환희,811692000,811692000,811692000,811692000,김준면,811692000,811692000,811692000,811692000
991,역모-반란의 시대,2017.11.23,218173300,30116,30116,355,4100,"Picsso,(주)원픽쳐스",(주)스톰픽쳐스코리아,15세이상관람가,"사극,액션",김홍선,정해인,김지훈,김홍선,3544613072,1772306536,218173300,3326439772,"Picsso,(주)원픽쳐스",218173300,218173300,218173300,218173300,정해인,218173300,218173300,218173300,218173300,김지훈,218173300,218173300,218173300,218173300
337,염력,2018.1.31,7484684112,990111,990111,1099,45676,(주)영화사레드피터,(주)넥스트엔터테인먼트월드(NEW),15세이상관람가,"드라마,코미디",연상호,류승룡,심은경,연상호,7484684112,7484684112,7484684112,7484684112,(주)영화사레드피터,7484684112,7484684112,7484684112,7484684112,류승룡,11454021636,5727010818,3969337524,7484684112,심은경,27628676699,13814338350,7484684112,20143992587
538,원라인,2017.3.29,3319505433,435100,435100,613,20791,"(주)미인픽쳐스,(주)곽픽쳐스",(주)넥스트엔터테인먼트월드(NEW),15세이상관람가,범죄,양경모,임시완,진구,양경모,3319505433,3319505433,3319505433,3319505433,"(주)미인픽쳐스,(주)곽픽쳐스",3319505433,3319505433,3319505433,3319505433,임시완,3319505433,3319505433,3319505433,3319505433,진구,3319505433,3319505433,3319505433,3319505433
358,인랑,2018.7.25,6994722173,897544,897544,1085,25423,(주)루이스 픽쳐스,워너브러더스 코리아(주),15세이상관람가,"SF,액션",김지운,강동원,한효주,김지운,6994722173,6994722173,6994722173,6994722173,(주)루이스 픽쳐스,6994722173,6994722173,6994722173,6994722173,강동원,18407490971,9203745486,6994722173,11412768798,한효주,6994722173,6994722173,6994722173,6994722173
209,임금님의 사건수첩,2017.4.26,12651193723,1635003,1635003,1054,53005,"(주)영화사람,씨제이이앤엠(주),(주)더타워픽쳐스",씨제이이앤엠(주),12세이상관람가,"코미디,어드벤처,액션",문현성,이선균,안재홍,문현성,12651193723,12651193723,12651193723,12651193723,"(주)영화사람,씨제이이앤엠(주),(주)더타워픽쳐스",12651193723,12651193723,12651193723,12651193723,이선균,12651193723,12651193723,12651193723,12651193723,안재홍,13123747423,6561873712,472553700,12651193723
248,장산범,2017.8.17,10341783083,1306438,1306438,711,34769,(주)드림캡쳐,(주)넥스트엔터테인먼트월드(NEW),15세이상관람가,"미스터리,스릴러",허정,염정아,박혁권,허정,10341783083,10341783083,10341783083,10341783083,(주)드림캡쳐,10341783083,10341783083,10341783083,10341783083,염정아,10341783083,10341783083,10341783083,10341783083,박혁권,10341783083,10341783083,10341783083,10341783083
137,재심,2017.2.15,19266319637,2421197,2421197,935,68402,(주)이디오플랜,"오퍼스픽쳐스,CGV아트하우스",15세이상관람가,드라마,김태윤,정우,강하늘,김태윤,19266319637,19266319637,19266319637,19266319637,(주)이디오플랜,19266319637,19266319637,19266319637,19266319637,정우,19266319637,19266319637,19266319637,19266319637,강하늘,19266319637,19266319637,19266319637,19266319637
766,저수지 게임,2017.9.7,985725100,125562,125562,289,7670,프로젝트 부,(주)스마일이엔티,15세이상관람가,다큐멘터리,최진성,주진우,,최진성,985725100,985725100,985725100,985725100,프로젝트 부,985725100,985725100,985725100,985725100,주진우,985725100,985725100,985725100,985725100,,985725100,985725100,985725100,985725100
132,조선명탐정: 흡혈괴마의 비밀,2018.2.8,19822839764,2444145,2444145,1249,74987,청년필름(주),(주)쇼박스,12세이상관람가,"사극,어드벤처,코미디",김석윤,김명민,오달수,김석윤,19822839764,19822839764,19822839764,19822839764,청년필름(주),19822839764,19822839764,19822839764,19822839764,김명민,28895577606,14447788803,9072737842,19822839764,오달수,19822839764,19822839764,19822839764,19822839764
128,조작된 도시,2017.2.9,20143992587,2515501,2515501,1019,62241,"(주)티피에스컴퍼니,(주)영화사심플렉스,컬쳐메이트",씨제이이앤엠(주),15세이상관람가,"범죄,액션",박광현,지창욱,심은경,박광현,20143992587,20143992587,20143992587,20143992587,"(주)티피에스컴퍼니,(주)영화사심플렉스,컬쳐메이트",20143992587,20143992587,20143992587,20143992587,지창욱,20143992587,20143992587,20143992587,20143992587,심은경,27628676699,13814338350,7484684112,20143992587
121,지금 만나러 갑니다,2018.3.14,20800916128,2602273,2602273,1191,97537,"(주)무비락,(주)도서관옆스튜디오,(주)푸른나무픽쳐스",롯데쇼핑㈜롯데엔터테인먼트,12세이상관람가,멜로/로맨스,이장훈,소지섭,손예진,이장훈,20800916128,20800916128,20800916128,20800916128,"(주)무비락,(주)도서관옆스튜디오,(주)푸른나무픽쳐스",20800916128,20800916128,20800916128,20800916128,소지섭,20800916128,20800916128,20800916128,20800916128,손예진,20800916128,20800916128,20800916128,20800916128
717,채비,2017.11.9,1260533864,177439,177439,480,9983,(주)26컴퍼니,오퍼스픽쳐스,12세이상관람가,드라마,조영준,고두심,김성균,조영준,1260533864,1260533864,1260533864,1260533864,(주)26컴퍼니,1260533864,1260533864,1260533864,1260533864,고두심,1260533864,1260533864,1260533864,1260533864,김성균,1260533864,1260533864,1260533864,1260533864
273,챔피언,2018.5.1,9471138230,1128774,1128774,874,47357,(주)코코너,워너브러더스 코리아(주),12세이상관람가,드라마,김용완,마동석,권율,김용완,9471138230,9471138230,9471138230,9471138230,(주)코코너,9471138230,9471138230,9471138230,9471138230,마동석,77576346577,25858782192,9471138230,56322098349,권율,9471138230,9471138230,9471138230,9471138230
43,청년경찰,2017.8.9,44382020516,5653444,5653444,1102,118547,"(주)무비락,(주)도서관옆스튜디오,베리굿스튜디오(주)",롯데쇼핑㈜롯데엔터테인먼트,15세이상관람가,액션,김주환,김규백,박서준,김주환,44382020516,44382020516,44382020516,44382020516,"(주)무비락,(주)도서관옆스튜디오,베리굿스튜디오(주)",44382020516,44382020516,44382020516,44382020516,김규백,47763070716,23881535358,3381050200,44382020516,박서준,44382020516,44382020516,44382020516,44382020516
660,치즈인더트랩,2018.3.14,1890873700,229005,229005,364,14710,(주)마운틴무브먼트스토리,(주)리틀빅픽쳐스,15세이상관람가,"멜로/로맨스,스릴러",김제영,박해진,오연서,김제영,1890873700,1890873700,1890873700,1890873700,(주)마운틴무브먼트스토리,1890873700,1890873700,1890873700,1890873700,박해진,1890873700,1890873700,1890873700,1890873700,오연서,1890873700,1890873700,1890873700,1890873700
490,침묵,2017.11.2,3930219264,494097,494097,634,23228,(주)용필름,씨제이이앤엠(주),15세이상관람가,드라마,정지우,최민식,박신혜,정지우,3930219264,3930219264,3930219264,3930219264,(주)용필름,48259826777,16086608926,844714600,43484892913,최민식,14424988209,7212494105,3930219264,10494768945,박신혜,3930219264,3930219264,3930219264,3930219264
91,탐정: 리턴즈,2018.6.13,26909477678,3152874,3152874,1137,107946,(주)크리픽쳐스,씨제이이앤엠(주),15세이상관람가,"코미디,범죄",이언희,권상우,성동일,이언희,26909477678,26909477678,26909477678,26909477678,(주)크리픽쳐스,26909477678,26909477678,26909477678,26909477678,권상우,26909477678,26909477678,26909477678,26909477678,성동일,33593829980,11197943327,3326439772,26909477678
7,택시운전사,2017.8.2,95868830649,12189195,12189195,1906,184147,더램프(주),(주)쇼박스,15세이상관람가,드라마,장훈,이수민,송강호,장훈,95868830649,95868830649,95868830649,95868830649,더램프(주),95868830649,95868830649,95868830649,95868830649,이수민,95868830649,95868830649,95868830649,95868830649,송강호,95868830649,95868830649,95868830649,95868830649
550,터닝메카드W: 블랙미러의 부활,2017.1.18,3215588500,429933,429933,570,14146,㈜희원엔터테인먼트,씨네그루(주)키다리이엔티,전체관람가,애니메이션,"홍헌표,김석원",소연,윤아영,"홍헌표,김석원",3215588500,3215588500,3215588500,3215588500,㈜희원엔터테인먼트,3215588500,3215588500,3215588500,3215588500,소연,3215588500,3215588500,3215588500,3215588500,윤아영,3215588500,3215588500,3215588500,3215588500
246,특별시민,2017.4.26,10494768945,1362634,1362634,1154,46377,(주)팔레트픽처스,(주)쇼박스,15세이상관람가,드라마,박인제,최민식,곽도원,박인제,10494768945,10494768945,10494768945,10494768945,(주)팔레트픽처스,10494768945,10494768945,10494768945,10494768945,최민식,14424988209,7212494105,3930219264,10494768945,곽도원,45984435411,22992217706,10494768945,35489666466
101,프리즌,2017.3.23,23790276987,2931897,2931897,1047,89024,(주)큐로홀딩스,(주)쇼박스,청소년관람불가,"범죄,액션",나현,한석규,김래원,나현,23790276987,23790276987,23790276987,23790276987,(주)큐로홀딩스,23790276987,23790276987,23790276987,23790276987,한석규,23790276987,23790276987,23790276987,23790276987,김래원,23790276987,23790276987,23790276987,23790276987
281,하루,2017.6.15,9072737842,1129609,1129609,781,45808,(주)라인필름,CGV아트하우스,15세이상관람가,스릴러,조선호,김명민,변요한,조선호,9072737842,9072737842,9072737842,9072737842,(주)라인필름,9072737842,9072737842,9072737842,9072737842,김명민,28895577606,14447788803,9072737842,19822839764,변요한,9072737842,9072737842,9072737842,9072737842
259,해빙,2017.3.1,9905406822,1204600,1204600,915,46227,"위더스필름(주),(주)영화사불",롯데쇼핑㈜롯데엔터테인먼트,15세이상관람가,스릴러,이수연,조진웅,신구,이수연,9905406822,9905406822,9905406822,9905406822,"위더스필름(주),(주)영화사불",9905406822,9905406822,9905406822,9905406822,조진웅,57114135450,14278533863,844714600,43484892913,신구,10227469022,5113734511,322062200,9905406822
601,허스토리,2018.6.27,2500814949,333441,333441,696,20391,(주)수필름,(주)넥스트엔터테인먼트월드(NEW),12세이상관람가,드라마,민규동,김희애,김해숙,민규동,2500814949,2500814949,2500814949,2500814949,(주)수필름,2500814949,2500814949,2500814949,2500814949,김희애,2500814949,2500814949,2500814949,2500814949,김해숙,5016294784,2508147392,2500814949,2515479835
532,흥부: 글로 세상을 바꾼 자,2018.2.14,3381050200,416303,416303,627,18707,"(주)영화사 궁,(주)발렌타인필름",롯데쇼핑㈜롯데엔터테인먼트,12세이상관람가,사극,조근현,김규백,정우,조근현,3381050200,3381050200,3381050200,3381050200,"(주)영화사 궁,(주)발렌타인필름",3381050200,3381050200,3381050200,3381050200,김규백,47763070716,23881535358,3381050200,44382020516,정우,3381050200,3381050200,3381050200,3381050200
600,희생부활자,2017.10.12,2515479835,323628,323628,781,23596,"(주)영화사 신세계,(주)바른손이앤에이",(주)쇼박스,15세이상관람가,"미스터리,스릴러",곽경택,김래원,김해숙,곽경택,2515479835,2515479835,2515479835,2515479835,"(주)영화사 신세계,(주)바른손이앤에이",2515479835,2515479835,2515479835,2515479835,김래원,2515479835,2515479835,2515479835,2515479835,김해숙,5016294784,2508147392,2500814949,2515479835